1,3/11/1996,41,5,4,52,30,33
2,3/18/1996,9,39,37,49,43,41
3,3/25/1996,36,30,10,11,29,47
4,4/1/1996,6,59,42,27,1,5
5,4/8/1996,1,19,46,6,16,2
6,4/15/1996,19,40,7,13,22,47
7,4/22/1996,56,38,21,20,3,5
8,4/29/1996,53,17,38,4,47,37
9,5/6/1996,55,43,56,54,8,60
10,5/13/1996,25,4,18,57,21,38
11,5/20/1996,25,15,58,37,59,38
12,5/27/1996,20,27,43,16,19,4
13,6/3/1996,47,32,50,54,18,56
14,6/10/1996,16,2,27,47,23,53
15,6/17/1996,60,12,33,52,35,51
16,6/24/1996,60,58,49,32,20,34
17,7/1/1996,10,20,6,19,51,13
18,7/8/1996,37,36,56,27,42,23
19,7/15/1996,5,25,12,10,60,24
20,7/22/1996,25,28,30,33,51,11
21,7/29/1996,49,46,6,53,33,36
22,8/5/1996,9,38,56,1,31,46
23,8/12/1996,17,52,51,59,39,37
24,8/19/1996,1,8,14,28,33,43
25,8/25/1996,56,50,55,54,24,43
26,9/1/1996,50,53,57,10,58,22
27,9/8/1996,44,33,13,51,17,20
28,9/15/1996,60,6,22,3,24,54
29,9/22/1996,14,56,58,8,43,3
30,9/29/1996,38,50,7,29,15,14
31,10/6/1996,56,19,28,48,17,45
32,10/13/1996,43,33,14,36,5,44
33,10/20/1996,5,33,49,17,42,39
34,10/27/1996,15,13,57,53,40,17
35,11/3/1996,21,57,16,23,54,4
36,11/10/1996,13,3,51,17,29,25
37,11/17/1996,22,6,7,52,38,60
38,11/24/1996,55,42,10,43,45,54
39,12/1/1996,16,37,45,52,56,12
40,12/8/1996,3,12,46,5,47,8
41,12/15/1996,38,26,35,39,12,47
42,12/22/1996,24,36,19,33,7,11
43,12/29/1996,2,58,25,6,26,17
44,1/5/1997,47,38,18,14,29,44
45,1/12/1997,30,7,37,55,44,53
46,1/19/1997,32,46,1,60,24,23
47,1/26/1997,35,17,3,48,25,56
48,2/2/1997,47,5,34,28,2,50
49,2/9/1997,33,7,43,35,13,55
50,2/16/1997,57,44,21,16,58,6
51,2/23/1997,23,24,42,25,17,47
52,3/2/1997,58,15,59,30,38,46
53,3/9/1997,42,13,3,46,38,16
54,3/16/1997,5,21,9,56,18,36
55,3/23/1997,29,2,14,38,23,52
56,3/30/1997,51,35,59,7,20,2
57,4/6/1997,27,17,16,34,7,59
58,4/13/1997,30,49,27,37,12,44
59,4/20/1997,28,13,34,2,8,54
60,4/27/1997,38,14,21,15,3,20
61,5/4/1997,59,8,18,29,42,44
62,5/11/1997,52,13,6,24,8,31
63,5/18/1997,26,9,41,49,25,40
64,5/25/1997,8,54,50,60,23,12
65,6/1/1997,20,1,5,32,25,34
66,6/8/1997,15,26,12,33,48,13
67,6/15/1997,47,14,27,52,17,12
68,6/22/1997,53,13,3,1,12,59
69,6/29/1997,56,58,34,53,25,45
70,7/6/1997,40,17,23,43,27,58
71,7/13/1997,53,16,45,43,33,27
72,7/20/1997,19,48,43,1,34,44
73,7/27/1997,57,25,45,28,51,26
74,8/3/1997,2,24,34,50,38,37
75,8/10/1997,36,49,37,35,24,21
76,8/17/1997,33,18,23,8,17,53
77,8/24/1997,29,54,40,57,49,21
78,8/31/1997,22,32,46,12,25,31
79,9/7/1997,43,25,2,13,31,17
80,9/14/1997,51,40,37,23,48,28
81,9/21/1997,47,41,10,60,54,23
82,9/28/1997,51,36,53,29,18,15
83,10/5/1997,24,16,4,42,57,15
84,10/12/1997,10,34,4,6,25,40
85,10/19/1997,47,15,30,37,45,6
86,10/26/1997,54,21,6,34,36,22
87,11/2/1997,40,4,28,32,11,5
88,11/9/1997,45,37,29,4,43,18
89,11/16/1997,59,42,34,13,44,55
90,11/23/1997,21,26,40,54,9,52
91,11/30/1997,60,4,10,35,39,2
92,12/7/1997,5,23,51,3,1,24
93,12/14/1997,22,53,31,28,2,36
94,12/21/1997,28,51,55,18,52,8
95,12/28/1997,46,60,6,40,50,45
96,1/4/1998,4,42,58,26,7,40
97,1/11/1998,56,53,11,14,5,35
98,1/18/1998,43,33,14,31,35,13
99,1/25/1998,30,33,24,11,46,60
100,2/1/1998,46,48,30,14,29,51
101,2/8/1998,39,1,37,31,29,18
102,2/15/1998,44,42,37,56,19,20
103,2/22/1998,9,1,57,7,54,49
104,3/1/1998,13,1,38,21,52,4
105,3/8/1998,3,13,31,43,46,49
106,3/15/1998,24,16,38,5,39,35
107,3/22/1998,2,24,52,4,16,51
108,3/29/1998,60,29,34,24,21,59
109,4/4/1998,54,13,44,49,48,1
110,4/11/1998,57,58,18,31,43,52
111,4/18/1998,52,32,4,33,25,22
112,4/25/1998,37,43,34,20,12,42
113,5/2/1998,34,54,26,28,55,7
114,5/9/1998,47,54,18,6,12,37
115,5/16/1998,6,14,24,20,4,38
116,5/23/1998,36,42,32,5,13,51
117,5/30/1998,53,42,27,20,33,25
118,6/6/1998,22,57,37,9,25,56
119,6/13/1998,47,21,1,50,36,38
120,6/20/1998,46,45,16,40,27,3
121,6/27/1998,53,41,44,2,29,55
122,7/4/1998,20,43,39,11,53,17
123,7/11/1998,13,42,16,32,14,26
124,7/18/1998,52,5,34,57,15,41
125,7/25/1998,56,47,25,59,53,41
126,8/1/1998,32,28,6,10,11,40
127,8/8/1998,59,21,51,54,29,50
128,8/15/1998,23,43,3,21,9,18
129,8/22/1998,46,54,10,9,1,32
130,8/29/1998,13,42,38,49,53,29
131,9/5/1998,30,9,17,27,4,44
132,9/12/1998,44,35,50,41,9,7
133,9/19/1998,19,57,6,39,34,5
134,9/26/1998,60,32,25,36,52,4
135,10/3/1998,35,40,21,59,53,22
136,10/10/1998,17,25,45,38,1,59
137,10/17/1998,26,15,16,22,19,49
138,10/24/1998,41,14,37,5,40,27
139,10/31/1998,26,27,13,42,41,3
140,11/7/1998,55,31,46,44,41,7
141,11/14/1998,10,22,42,13,41,58
142,11/21/1998,20,59,19,54,15,8
143,11/28/1998,40,18,6,20,50,53
144,12/5/1998,8,32,44,36,45,55
145,12/12/1998,43,15,41,51,16,31
146,12/19/1998,51,34,25,60,42,32
147,12/24/1998,24,6,38,23,28,16
148,12/31/1998,32,55,59,41,58,35
149,1/9/1999,11,45,48,7,28,20
150,1/16/1999,50,44,12,55,52,54
151,1/23/1999,3,43,16,56,52,20
152,1/30/1999,12,5,15,51,58,29
153,2/6/1999,47,2,31,42,45,30
154,2/13/1999,8,10,24,33,45,48
155,2/20/1999,12,32,44,43,35,30
156,2/27/1999,52,23,42,17,55,49
157,3/6/1999,17,13,4,44,41,21
158,3/13/1999,58,43,51,14,17,4
159,3/20/1999,16,9,50,58,11,35
160,3/27/1999,13,42,52,58,2,54
161,4/3/1999,25,37,30,39,6,41
162,4/10/1999,23,33,51,38,48,21
163,4/17/1999,41,56,27,36,53,8
164,4/24/1999,4,19,14,10,44,28
165,5/1/1999,39,56,19,23,10,35
166,5/8/1999,60,57,59,13,12,22
167,5/15/1999,1,38,48,28,11,33
168,5/22/1999,45,2,35,9,50,31
169,5/29/1999,52,51,37,13,21,1
170,6/5/1999,7,51,55,41,58,46
171,6/12/1999,54,27,4,43,40,46
172,6/19/1999,49,36,14,26,35,10
173,6/26/1999,29,28,49,17,42,50
174,7/3/1999,11,52,22,23,36,59
175,7/10/1999,10,20,13,1,42,50
176,7/17/1999,28,4,1,45,53,3
177,7/24/1999,35,22,39,41,59,38
178,7/31/1999,5,27,19,26,15,33
179,8/7/1999,6,53,5,26,27,23
180,8/14/1999,39,6,29,60,51,23
181,8/21/1999,33,1,55,35,51,27
182,8/28/1999,46,60,5,10,28,3
183,9/4/1999,16,11,7,40,44,2
184,9/11/1999,9,60,21,16,41,34
185,9/18/1999,59,17,22,46,43,55
186,9/25/1999,24,26,51,25,14,23
187,10/2/1999,6,44,58,41,36,48
188,10/10/1999,34,42,43,46,27,17
189,10/16/1999,41,53,38,4,31,15
190,10/24/1999,32,40,42,21,10,5
191,10/31/1999,58,5,41,3,1,23
192,11/6/1999,1,60,26,41,28,54
193,11/13/1999,12,4,11,49,43,19
194,11/20/1999,32,42,43,25,28,33
195,11/27/1999,17,3,44,37,9,32
196,12/4/1999,32,17,9,14,24,7
197,12/11/1999,19,52,29,15,12,5
198,12/18/1999,40,23,1,18,35,8
199,12/24/1999,52,37,57,16,10,50
200,12/31/1999,12,15,44,34,51,19
201,1/8/2000,55,22,5,30,35,20
202,1/15/2000,49,53,44,12,24,45
203,1/22/2000,11,55,44,19,29,47
204,1/29/2000,31,41,51,39,58,29
205,2/5/2000,26,32,54,43,46,40
206,2/12/2000,20,26,56,18,34,51
207,2/19/2000,19,7,3,55,24,53
208,2/26/2000,23,15,57,24,47,25
209,3/4/2000,13,52,32,41,21,26
210,3/11/2000,37,58,20,38,48,32
211,3/18/2000,10,20,40,45,50,33
212,3/25/2000,29,57,15,45,59,6
213,4/1/2000,3,30,9,35,23,32
214,4/8/2000,30,12,6,50,35,31
215,4/15/2000,7,58,28,53,37,46
216,4/22/2000,35,42,59,18,30,14
217,4/29/2000,27,32,3,51,49,45
218,5/6/2000,54,40,42,17,47,12
219,5/13/2000,26,23,49,28,42,36
220,5/20/2000,36,53,55,13,60,14
221,5/27/2000,54,13,58,43,50,27
222,6/3/2000,5,48,30,55,52,19
223,6/10/2000,28,24,22,2,58,6
224,6/17/2000,20,16,18,7,44,21
225,6/24/2000,21,16,4,37,2,58
226,7/1/2000,2,50,59,38,49,1
227,7/8/2000,37,26,27,42,11,48
228,7/15/2000,16,40,45,59,43,13
229,7/22/2000,39,45,11,21,33,13
230,7/29/2000,56,44,41,40,8,53
231,8/5/2000,16,59,27,42,44,36
232,8/12/2000,29,19,41,22,37,59
233,8/19/2000,45,3,24,36,7,32
234,8/26/2000,15,45,54,25,42,41
235,9/2/2000,29,41,55,2,31,22
236,9/9/2000,10,52,50,57,25,60
237,9/16/2000,36,7,45,31,56,57
238,9/23/2000,15,9,41,13,37,42
239,9/30/2000,33,21,44,46,47,6
240,10/7/2000,59,28,25,41,57,38
241,10/14/2000,11,57,40,35,56,31
242,10/21/2000,22,7,4,21,28,56
243,10/28/2000,20,47,23,32,16,11
244,11/4/2000,19,60,50,24,47,33
245,11/11/2000,44,51,27,53,8,60
246,11/18/2000,2,57,32,43,16,37
247,11/25/2000,34,3,30,10,23,46
248,12/2/2000,56,16,34,41,35,32
249,12/9/2000,21,55,54,40,36,49
250,12/16/2000,55,25,41,42,43,7
251,12/23/2000,34,15,23,55,49,30
252,12/30/2000,17,54,4,51,32,26
253,1/6/2001,12,11,56,44,24,37
254,1/13/2001,4,30,56,21,22,1
255,1/20/2001,32,44,55,19,20,16
256,1/27/2001,21,52,34,26,2,32
257,2/3/2001,28,5,1,34,4,19
258,2/10/2001,12,60,54,7,55,50
259,2/17/2001,20,43,33,13,15,58
260,2/24/2001,43,4,60,59,6,33
261,3/3/2001,5,54,20,56,30,16
262,3/10/2001,53,60,48,20,58,11
263,3/17/2001,8,50,26,9,53,43
264,3/24/2001,5,25,31,13,1,33
265,3/31/2001,7,50,53,16,41,34
266,4/7/2001,38,54,48,23,2,46
267,4/14/2001,58,1,45,55,8,46
268,4/21/2001,21,10,47,6,5,33
269,4/28/2001,19,18,52,25,17,49
270,5/5/2001,45,27,35,40,5,9
271,5/12/2001,14,31,54,29,26,24
272,5/19/2001,36,58,9,10,56,24
273,5/26/2001,47,52,10,27,23,17
274,6/2/2001,11,39,47,18,13,26
275,6/9/2001,16,30,19,38,48,37
276,6/16/2001,53,59,39,45,22,57
277,6/23/2001,40,26,38,4,56,52
278,6/30/2001,22,10,18,55,15,31
279,7/7/2001,31,59,4,58,23,47
280,7/14/2001,5,16,30,25,58,20
281,7/21/2001,11,5,47,31,53,38
282,7/28/2001,33,24,36,9,14,23
283,8/1/2001,48,34,28,54,25,42
284,8/4/2001,8,36,14,32,30,7
285,8/8/2001,50,56,41,12,32,37
286,8/11/2001,44,37,56,29,47,35
287,8/15/2001,60,47,3,33,25,13
288,8/18/2001,50,9,18,11,6,17
289,8/22/2001,36,6,30,20,7,25
290,8/25/2001,57,30,7,25,40,26
291,8/29/2001,22,16,5,41,18,17
292,9/1/2001,24,34,53,45,23,13
293,9/5/2001,6,12,35,5,28,7
294,9/8/2001,28,45,41,22,57,25
295,9/12/2001,24,44,7,31,12,50
296,9/15/2001,20,51,42,3,52,46
297,9/19/2001,20,28,41,1,33,36
298,9/22/2001,22,34,24,23,5,60
299,9/26/2001,7,5,2,53,33,49
300,9/29/2001,27,57,41,38,28,24
301,10/3/2001,58,26,49,57,48,9
302,10/6/2001,25,40,12,60,30,41
303,10/10/2001,7,13,30,37,47,17
304,10/13/2001,42,7,11,34,59,41
305,10/17/2001,11,5,27,60,38,53
306,10/20/2001,30,19,57,41,56,47
307,10/24/2001,26,17,13,41,16,44
308,10/27/2001,55,25,4,11,29,39
309,10/31/2001,39,50,25,55,11,4
310,11/3/2001,28,14,29,2,31,32
311,11/7/2001,32,22,24,41,30,38
312,11/10/2001,14,30,50,41,47,23
313,11/14/2001,14,38,53,24,16,37
314,11/17/2001,5,32,40,58,37,34
315,11/21/2001,50,21,43,12,28,22
316,11/24/2001,28,51,56,6,24,43
317,11/28/2001,27,20,48,16,30,35
318,12/1/2001,19,53,40,3,31,20
319,12/5/2001,12,16,23,17,19,48
320,12/8/2001,20,53,47,50,22,27
321,12/12/2001,11,31,32,48,49,4
322,12/15/2001,18,11,29,44,47,56
323,12/19/2001,31,49,54,33,26,40
324,12/22/2001,22,8,30,15,47,25
325,12/29/2001,4,23,3,1,21,53
326,1/5/2002,52,23,40,51,44,21
327,1/9/2002,46,38,29,33,32,48
328,1/12/2002,51,5,23,7,14,21
329,1/16/2002,24,11,40,12,35,10
330,1/19/2002,2,4,23,37,14,51
331,1/23/2002,27,1,35,20,37,13
332,1/26/2002,28,23,42,29,44,34
333,1/30/2002,35,27,53,44,52,4
334,2/2/2002,41,26,51,14,24,23
335,2/6/2002,43,33,57,23,59,7
336,2/9/2002,2,18,54,22,30,26
337,2/16/2002,31,52,14,54,16,4
338,2/20/2002,48,46,9,1,36,4
339,2/23/2002,13,16,12,5,27,50
340,2/27/2002,10,60,42,9,33,12
341,3/2/2002,56,23,22,43,16,5
342,3/6/2002,29,49,54,51,16,34
343,3/9/2002,4,6,7,24,12,41
344,3/13/2002,33,36,12,35,10,14
345,3/16/2002,56,11,58,46,51,22
346,3/20/2002,56,7,46,60,41,12
347,3/23/2002,26,10,52,1,12,48
348,3/27/2002,39,40,33,52,19,30
349,3/30/2002,9,38,32,8,54,28
350,4/3/2002,23,30,43,10,15,57
351,4/6/2002,15,16,59,60,24,41
352,4/10/2002,49,7,47,25,20,44
353,4/13/2002,60,46,30,55,23,19
354,4/17/2002,40,52,38,16,7,41
355,4/20/2002,2,37,22,60,14,23
356,4/24/2002,54,19,5,58,56,21
357,4/27/2002,45,53,32,2,30,35
358,5/4/2002,40,42,32,12,21,17
359,5/8/2002,31,54,20,29,13,19
360,5/11/2002,47,24,29,55,53,23
361,5/15/2002,41,28,45,31,16,59
362,5/18/2002,37,20,33,46,7,56
363,5/22/2002,39,54,29,49,47,19
364,5/25/2002,59,44,29,5,51,57
365,5/29/2002,52,19,34,37,58,23
366,6/1/2002,6,4,51,7,21,15
367,6/5/2002,52,49,27,33,12,10
368,6/8/2002,13,50,38,32,44,29
369,6/12/2002,21,42,1,60,35,14
370,6/15/2002,51,42,4,54,1,40
371,6/19/2002,23,33,39,4,60,18
372,6/22/2002,24,17,46,57,16,39
373,6/26/2002,31,33,24,10,5,1
374,6/29/2002,54,2,26,5,44,16
375,7/3/2002,51,9,42,5,58,1
376,7/6/2002,25,13,10,43,35,48
377,7/10/2002,46,19,3,45,12,27
378,7/13/2002,55,45,48,41,5,38
379,7/17/2002,41,55,24,59,33,40
380,7/20/2002,47,22,13,30,31,57
381,7/24/2002,9,56,46,28,10,55
382,7/27/2002,54,38,53,31,37,34
383,7/31/2002,48,22,53,56,50,14
384,8/3/2002,28,50,47,24,40,52
385,8/7/2002,22,12,24,18,5,16
386,8/10/2002,39,54,43,36,17,35
387,8/14/2002,29,28,48,47,43,22
388,8/17/2002,52,48,53,58,23,36
389,8/21/2002,46,14,54,18,43,5
390,8/24/2002,7,22,34,12,38,53
391,8/28/2002,7,15,35,16,40,4
392,8/31/2002,49,47,39,31,15,23
393,9/4/2002,12,50,36,6,35,40
394,9/7/2002,15,49,42,5,45,35
395,9/11/2002,11,58,31,14,10,20
396,9/14/2002,47,18,6,45,34,42
397,9/18/2002,32,24,2,5,1,46
398,9/21/2002,28,7,16,37,36,22
399,9/25/2002,59,55,16,27,47,11
400,9/28/2002,29,59,13,10,54,28
401,10/2/2002,50,18,44,53,11,43
402,10/5/2002,27,43,58,5,16,56
403,10/9/2002,46,31,7,16,60,27
404,10/12/2002,24,38,58,1,40,28
405,10/16/2002,57,60,34,24,29,47
406,10/19/2002,47,32,48,12,38,2
407,10/23/2002,49,2,18,51,22,57
408,10/26/2002,49,44,33,28,56,14
409,10/30/2002,26,49,25,18,31,34
410,11/2/2002,31,55,36,24,8,38
411,11/6/2002,10,56,12,31,45,38
412,11/9/2002,45,5,14,21,59,12
413,11/13/2002,35,53,29,33,2,4
414,11/16/2002,35,26,58,52,45,16
415,11/20/2002,38,44,4,1,27,42
416,11/23/2002,13,1,23,56,54,33
417,11/27/2002,25,7,12,21,42,34
418,11/30/2002,45,8,32,49,15,52
419,12/4/2002,41,42,52,53,16,9
420,12/7/2002,43,12,59,30,57,29
421,12/11/2002,38,45,35,37,5,51
422,12/14/2002,60,12,56,37,55,43
423,12/18/2002,8,22,33,40,32,53
424,12/21/2002,29,36,27,18,59,46
425,12/28/2002,6,16,10,34,47,42
426,1/4/2003,7,32,54,50,30,37
427,1/8/2003,51,13,43,24,3,14
428,1/11/2003,60,8,32,28,46,30
429,1/15/2003,55,32,17,36,26,43
430,1/18/2003,50,21,10,25,38,8
431,1/22/2003,58,26,40,37,47,52
432,1/25/2003,50,17,13,27,4,39
433,1/29/2003,36,17,28,16,54,30
434,2/1/2003,24,17,4,54,30,10
435,2/5/2003,37,11,17,31,43,10
436,2/8/2003,1,6,57,29,48,7
437,2/12/2003,54,10,59,44,30,7
438,2/15/2003,38,48,14,3,11,5
439,2/19/2003,42,13,20,29,43,57
440,2/22/2003,46,23,30,47,5,3
441,2/26/2003,2,15,58,10,59,21
442,3/1/2003,15,31,23,6,59,37
443,3/8/2003,11,36,17,26,52,48
444,3/12/2003,48,52,57,24,3,33
445,3/15/2003,31,50,7,53,32,20
446,3/19/2003,11,20,8,47,12,17
447,3/22/2003,24,55,15,33,25,42
448,3/26/2003,5,3,52,45,9,51
449,3/29/2003,34,56,24,1,49,8
450,4/2/2003,59,51,13,1,9,50
451,4/5/2003,23,18,31,17,53,28
452,4/9/2003,54,11,51,16,36,30
453,4/12/2003,58,52,8,34,20,23
454,4/16/2003,4,17,42,56,46,24
455,4/19/2003,50,15,17,2,14,59
456,4/23/2003,17,40,22,27,33,3
457,4/26/2003,48,15,24,27,17,32
458,4/30/2003,43,53,13,32,34,24
459,5/3/2003,43,17,8,15,49,39
460,5/7/2003,19,55,30,23,37,49
461,5/10/2003,30,17,20,29,15,60
462,5/14/2003,27,48,17,19,26,22
463,5/17/2003,7,18,2,45,3,53
464,5/21/2003,6,33,45,38,24,50
465,5/24/2003,46,31,1,57,22,51
466,5/28/2003,28,16,45,29,30,11
467,5/31/2003,38,21,8,22,18,60
468,6/4/2003,23,6,25,39,51,5
469,6/7/2003,29,47,42,21,13,26
470,6/11/2003,51,58,23,11,8,37
471,6/14/2003,51,59,31,5,36,32
472,6/18/2003,12,3,38,29,51,4
473,6/21/2003,51,7,58,49,23,41
474,6/25/2003,34,3,12,50,32,40
475,6/28/2003,19,6,43,52,8,22
476,7/2/2003,38,43,20,55,17,58
477,7/5/2003,47,34,8,6,18,38
478,7/9/2003,30,8,31,3,21,25
479,7/12/2003,20,54,58,26,41,46
480,7/16/2003,36,38,33,14,49,41
481,7/19/2003,42,6,24,44,22,13
482,7/23/2003,13,56,12,33,53,54
483,7/26/2003,16,23,35,18,44,59
484,7/30/2003,53,19,38,18,17,49
485,8/2/2003,38,28,52,30,19,57
486,8/6/2003,50,42,19,8,30,14
487,8/9/2003,25,22,48,52,54,8
488,8/13/2003,30,39,35,43,15,57
489,8/16/2003,28,36,17,53,33,59
490,8/20/2003,5,11,29,54,23,58
491,8/23/2003,22,43,15,55,9,1
492,8/27/2003,57,2,15,6,56,18
493,8/30/2003,54,20,3,18,42,24
494,9/3/2003,28,32,49,53,18,20
495,9/6/2003,36,15,60,8,29,49
496,9/10/2003,41,20,19,29,59,10
497,9/13/2003,9,41,32,13,58,20
498,9/17/2003,49,28,2,6,57,50
499,9/20/2003,59,1,11,5,44,4
500,9/27/2003,35,21,54,29,38,36
501,10/1/2003,34,27,56,28,16,39
502,10/4/2003,50,7,33,21,24,13
503,10/8/2003,10,21,48,27,49,7
504,10/11/2003,39,19,11,8,50,30
505,10/15/2003,47,20,52,3,46,28
506,10/18/2003,31,37,34,15,38,4
507,10/22/2003,44,58,5,27,33,3
508,10/25/2003,46,56,5,15,45,10
509,10/29/2003,32,55,34,35,28,33
510,11/1/2003,30,45,58,1,4,41
511,11/5/2003,8,36,34,37,3,4
512,11/8/2003,8,40,58,4,53,31
513,11/12/2003,46,10,27,19,33,39
514,11/15/2003,15,52,40,36,51,42
515,11/19/2003,39,16,57,15,45,48
516,11/22/2003,24,5,34,13,35,33
517,11/26/2003,51,32,8,28,38,7
518,11/29/2003,44,8,5,15,18,10
519,12/3/2003,9,36,15,19,42,22
520,12/6/2003,32,34,17,35,9,12
521,12/10/2003,28,32,38,25,15,45
522,12/13/2003,49,52,15,25,14,6
523,12/17/2003,45,58,40,39,28,44
524,12/20/2003,47,29,34,48,19,41
525,12/27/2003,26,32,24,49,8,10
526,1/3/2004,3,59,21,36,55,31
527,1/7/2004,17,14,50,52,6,26
528,1/10/2004,34,28,37,12,8,31
529,1/14/2004,56,45,13,33,38,1
530,1/17/2004,32,21,25,1,6,49
531,1/21/2004,3,1,35,7,18,50
532,1/24/2004,13,4,12,53,9,52
533,1/28/2004,27,18,13,59,21,53
534,1/31/2004,48,57,23,8,31,3
535,2/4/2004,49,14,47,56,6,28
536,2/7/2004,14,22,25,15,37,23
537,2/11/2004,37,3,19,34,39,7
538,2/14/2004,45,43,56,25,52,3
539,2/18/2004,16,50,55,6,47,19
540,2/21/2004,22,4,30,44,28,49
541,2/28/2004,58,57,27,13,49,52
542,3/3/2004,49,4,19,28,35,6
543,3/6/2004,35,54,37,42,49,46
544,3/10/2004,11,33,56,47,17,34
545,3/13/2004,43,35,57,29,40,17
546,3/17/2004,46,4,54,17,13,5
547,3/20/2004,4,59,13,53,28,30
548,3/24/2004,51,49,14,47,59,58
549,3/27/2004,13,51,58,22,46,8
550,3/31/2004,17,56,16,38,39,45
551,4/3/2004,56,48,57,21,12,46
552,4/7/2004,22,54,52,47,49,9
553,4/10/2004,43,46,58,53,54,4
554,4/14/2004,47,29,31,15,60,42
555,4/17/2004,49,5,23,33,45,31
556,4/21/2004,8,45,30,33,17,10
557,4/24/2004,18,49,38,23,8,12
558,4/28/2004,59,57,7,58,31,14
559,5/1/2004,53,25,36,13,17,6
560,5/5/2004,32,18,11,30,2,58
561,5/8/2004,39,49,36,20,55,1
562,5/12/2004,37,35,23,16,57,55
563,5/15/2004,34,8,23,44,51,5
564,5/19/2004,38,13,32,20,10,49
565,5/22/2004,31,37,35,7,45,34
566,5/26/2004,17,6,20,18,13,37
567,5/29/2004,57,58,11,38,41,31
568,6/2/2004,25,41,17,29,13,22
569,6/5/2004,32,15,14,9,3,57
570,6/9/2004,35,32,36,33,51,15
571,6/12/2004,14,31,12,13,51,50
572,6/16/2004,33,3,20,60,9,16
573,6/19/2004,59,29,17,6,40,22
574,6/23/2004,32,23,2,10,44,17
575,6/26/2004,18,29,21,48,35,5
576,6/30/2004,18,43,52,39,7,8
577,7/3/2004,31,47,28,23,8,24
578,7/7/2004,48,3,58,18,56,23
579,7/10/2004,15,34,39,17,4,9
580,7/14/2004,38,16,18,28,15,47
581,7/17/2004,30,25,52,14,39,17
582,7/21/2004,13,40,29,59,45,51
583,7/24/2004,55,6,41,20,43,7
584,7/28/2004,30,53,23,7,32,8
585,7/31/2004,24,39,12,33,57,36
586,8/4/2004,45,38,13,11,54,39
587,8/7/2004,30,2,36,18,60,29
588,8/11/2004,45,13,46,55,53,11
589,8/14/2004,13,7,33,59,6,8
590,8/18/2004,25,51,5,18,4,28
591,8/21/2004,58,3,18,50,34,1
592,8/25/2004,55,14,59,47,13,42
593,8/28/2004,27,29,1,59,25,49
594,9/1/2004,10,53,55,29,13,47
595,9/4/2004,54,2,43,1,50,25
596,9/8/2004,43,60,28,11,54,14
597,9/11/2004,42,40,27,22,56,29
598,9/15/2004,5,16,53,38,50,34
599,9/18/2004,6,45,51,9,23,4
600,9/22/2004,18,39,54,34,31,16
601,9/25/2004,37,19,29,30,10,22
602,9/29/2004,38,60,13,7,55,46
603,10/2/2004,4,8,11,29,12,44
604,10/6/2004,41,49,51,25,15,46
605,10/9/2004,44,52,53,4,49,24
606,10/13/2004,41,6,23,55,32,35
607,10/16/2004,6,59,11,27,19,41
608,10/20/2004,30,6,37,19,24,13
609,10/23/2004,15,2,59,60,6,58
610,10/27/2004,25,49,30,43,47,45
611,10/30/2004,22,21,33,16,48,49
612,11/3/2004,55,33,15,50,53,18
613,11/6/2004,54,55,13,44,6,19
614,11/10/2004,60,31,12,48,57,16
615,11/13/2004,27,31,8,10,51,5
616,11/17/2004,24,16,26,54,12,2
617,11/20/2004,25,5,49,36,33,3
618,11/24/2004,60,10,3,8,24,13
619,11/27/2004,16,12,46,14,8,19
620,12/1/2004,22,1,29,13,32,3
621,12/4/2004,29,31,50,26,57,49
622,12/8/2004,59,27,19,29,50,38
623,12/11/2004,42,23,55,30,9,49
624,12/15/2004,39,23,34,52,8,43
625,12/18/2004,59,12,32,42,24,40
626,12/22/2004,49,8,22,18,7,39
627,12/29/2004,19,13,45,58,56,1
628,1/5/2005,8,16,22,56,58,30
629,1/8/2005,40,47,39,16,51,15
630,1/12/2005,16,53,20,60,12,45
631,1/15/2005,1,28,47,20,44,32
632,1/19/2005,2,54,48,51,19,28
633,1/22/2005,27,46,5,50,11,22
634,1/26/2005,13,41,24,42,10,56
635,1/29/2005,49,42,37,8,20,26
636,2/2/2005,30,32,34,50,28,26
637,2/5/2005,52,58,43,48,11,18
638,2/12/2005,42,10,50,41,11,36
639,2/16/2005,51,39,35,60,45,13
640,2/19/2005,12,42,59,46,19,60
641,2/23/2005,17,13,33,9,1,34
642,2/26/2005,51,17,56,36,44,40
643,3/2/2005,14,45,24,37,40,42
644,3/5/2005,57,29,31,27,34,14
645,3/9/2005,52,48,24,53,54,3
646,3/12/2005,13,47,60,32,49,10
647,3/16/2005,56,19,11,14,12,54
648,3/19/2005,5,48,23,42,45,29
649,3/23/2005,9,54,41,48,33,24
650,3/26/2005,53,59,25,29,10,24
651,3/30/2005,39,45,28,26,48,60
652,4/2/2005,24,18,57,56,10,20
653,4/6/2005,31,24,19,34,9,5
654,4/9/2005,10,11,56,40,41,6
655,4/13/2005,26,39,1,37,43,48
656,4/16/2005,59,37,46,36,35,51
657,4/20/2005,20,59,58,33,60,16
658,4/23/2005,41,20,36,3,11,6
659,4/27/2005,14,29,40,34,51,52
660,4/30/2005,53,5,38,54,46,11
661,5/4/2005,42,40,27,4,55,36
662,5/7/2005,4,60,56,25,18,23
663,5/11/2005,1,49,30,55,27,51
664,5/14/2005,12,1,55,59,38,36
665,5/18/2005,8,47,7,48,25,18
666,5/21/2005,7,26,16,29,45,55
667,5/25/2005,5,23,16,4,49,1
668,5/28/2005,49,33,56,2,14,1
669,6/1/2005,7,41,24,40,49,27
670,6/4/2005,42,59,58,37,48,22
671,6/8/2005,27,16,39,51,9,38
672,6/11/2005,43,34,53,38,28,24
673,6/15/2005,6,40,37,11,20,34
674,6/18/2005,22,32,18,29,42,38
675,6/22/2005,50,42,30,25,43,24
676,6/25/2005,49,32,15,9,41,42
677,6/29/2005,25,10,48,8,32,55
678,7/2/2005,44,46,31,14,40,42
679,7/6/2005,37,21,54,3,58,25
680,7/9/2005,44,2,26,5,3,22
681,7/13/2005,59,21,53,25,58,38
682,7/16/2005,60,37,47,36,4,27
683,7/20/2005,43,40,12,11,2,35
684,7/23/2005,50,37,33,40,19,17
685,7/27/2005,33,27,5,56,12,43
686,7/30/2005,33,5,4,54,15,26
687,8/3/2005,59,48,1,7,41,14
688,8/6/2005,47,30,52,11,21,35
689,8/10/2005,6,60,7,31,49,51
690,8/13/2005,15,41,8,47,12,53
691,8/17/2005,55,16,58,8,37,50
692,8/20/2005,33,18,60,11,58,57
693,8/24/2005,14,50,41,17,31,13
694,8/27/2005,15,19,29,53,37,41
695,8/31/2005,13,40,21,52,6,11
696,9/3/2005,37,16,34,57,53,9
697,9/10/2005,53,35,32,31,28,51
698,9/14/2005,22,8,27,43,55,12
699,9/19/2005,53,17,50,23,54,48
700,9/21/2005,2,3,24,40,31,14
701,9/24/2005,13,1,31,23,60,48
702,9/28/2005,1,56,18,58,45,57
703,10/1/2005,30,24,2,45,11,27
704,10/5/2005,2,27,50,34,18,4
705,10/8/2005,3,15,11,13,26,43
706,10/15/2005,22,10,17,7,2,60
707,10/19/2005,51,8,1,43,10,36
708,10/22/2005,45,13,39,47,9,7
709,10/26/2005,29,22,44,9,6,4
710,10/29/2005,46,25,5,49,39,34
711,11/5/2005,10,5,41,59,40,33
712,11/9/2005,35,7,53,58,8,43
713,11/12/2005,46,1,26,16,12,54
714,11/16/2005,17,53,39,8,7,35
715,11/19/2005,54,36,12,4,33,24
716,11/23/2005,29,2,7,50,16,32
717,11/26/2005,28,35,41,17,6,23
718,11/30/2005,7,35,21,39,58,33
719,12/3/2005,39,47,37,53,32,3
720,12/7/2005,12,56,44,51,31,54
721,12/10/2005,14,3,23,55,36,25
722,12/14/2005,60,36,57,18,44,9
723,12/17/2005,16,6,52,1,36,50
724,12/21/2005,34,51,55,17,48,27
725,12/31/2005,49,9,3,35,37,41
726,1/4/2006,40,47,1,5,7,37
727,1/7/2006,14,42,12,4,59,30
728,1/11/2006,44,42,13,8,24,32
729,1/14/2006,33,56,18,57,43,5
730,1/18/2006,45,15,2,54,16,50
731,1/21/2006,35,6,15,23,28,16
732,1/25/2006,49,19,53,50,17,6
733,1/28/2006,12,26,31,43,46,2
734,2/1/2006,44,45,27,29,43,54
735,2/4/2006,40,42,15,52,38,9
736,2/8/2006,1,21,38,41,56,49
737,2/11/2006,33,12,24,38,11,32
738,2/15/2006,15,30,14,42,26,54
739,2/18/2006,6,45,56,49,35,10
740,2/22/2006,29,47,12,50,16,28
741,2/25/2006,26,39,27,24,59,36
742,3/1/2006,34,17,7,41,2,50
743,3/4/2006,54,20,32,60,25,23
744,3/8/2006,26,46,12,23,39,4
745,3/11/2006,21,57,37,16,43,2
746,3/15/2006,49,12,10,57,25,1
747,3/18/2006,21,23,56,12,3,2
748,3/22/2006,1,7,19,51,35,2
749,3/25/2006,24,47,4,57,48,50
750,3/29/2006,58,17,54,10,42,33
751,4/1/2006,4,25,38,50,20,7
752,4/5/2006,25,4,29,42,24,23
753,4/8/2006,59,35,43,22,7,2
754,4/12/2006,4,42,34,50,3,13
755,4/15/2006,59,30,47,12,4,49
756,4/19/2006,37,50,41,5,38,27
757,4/22/2006,17,32,12,18,58,30
758,4/26/2006,47,59,1,23,36,43
759,4/29/2006,59,39,30,31,48,45
760,5/3/2006,12,17,60,44,46,45
761,5/6/2006,56,29,17,13,27,40
762,5/10/2006,39,9,21,12,37,54
763,5/13/2006,40,47,1,48,9,26
764,5/18/2006,7,3,55,47,53,45
765,5/21/2006,3,37,50,16,30,10
766,5/24/2006,1,50,19,42,24,58
767,5/27/2006,22,50,32,38,54,15
768,5/31/2006,33,37,59,30,4,8
769,6/3/2006,20,21,50,29,12,16
770,6/7/2006,4,34,25,35,48,12
771,6/10/2006,29,46,34,47,21,14
772,6/14/2006,38,51,52,60,10,35
773,6/17/2006,3,5,51,29,34,14
774,6/21/2006,37,5,54,58,46,10
775,6/24/2006,27,12,46,47,42,50
776,6/28/2006,57,35,60,41,3,15
777,7/1/2006,14,50,23,2,28,56
778,7/5/2006,45,20,36,37,31,51
779,7/8/2006,36,54,52,25,29,26
780,7/12/2006,10,50,28,51,59,7
781,7/15/2006,10,54,8,39,56,13
782,7/19/2006,11,23,59,42,35,2
783,7/22/2006,43,21,48,8,4,32
784,7/26/2006,42,56,8,37,27,53
785,7/29/2006,35,5,37,8,48,17
786,8/2/2006,27,31,26,11,10,41
787,8/5/2006,37,31,20,60,34,54
788,8/9/2006,31,57,17,19,29,44
789,8/12/2006,60,39,31,38,6,50
790,8/16/2006,22,2,19,28,43,6
791,8/19/2006,42,35,19,9,14,58
792,8/23/2006,43,56,9,45,29,34
793,8/26/2006,3,51,33,15,16,57
794,8/30/2006,56,47,55,38,42,3
795,9/2/2006,14,36,21,29,26,48
796,9/6/2006,19,24,43,34,39,5
797,9/9/2006,58,48,52,47,12,6
798,9/13/2006,32,9,4,52,29,3
799,9/16/2006,29,35,19,57,42,55
800,9/20/2006,1,7,56,11,37,38
801,9/23/2006,20,22,11,19,48,42
802,9/27/2006,14,24,60,6,18,48
803,9/30/2006,10,57,28,3,5,21
804,10/4/2006,13,59,37,56,3,47
805,10/7/2006,30,2,48,60,43,36
806,10/12/2006,60,41,47,26,35,18
807,10/14/2006,8,27,2,32,56,49
808,10/18/2006,15,21,31,46,2,57
809,10/21/2006,25,23,11,5,30,15
810,10/25/2006,4,33,1,48,5,37
811,10/28/2006,32,57,28,41,10,47
812,11/1/2006,57,39,54,11,38,13
813,11/4/2006,23,15,56,46,9,45
814,11/8/2006,11,2,46,50,8,41
815,11/11/2006,57,50,9,39,37,19
816,11/16/2006,21,47,40,52,30,20
817,11/18/2006,34,43,29,30,10,52
818,11/22/2006,44,41,22,8,9,25
819,11/25/2006,51,5,58,46,25,19
820,11/29/2006,17,45,32,21,10,46
821,12/2/2006,4,29,38,36,33,42
822,12/6/2006,4,17,41,10,27,52
823,12/9/2006,15,26,59,1,54,51
824,12/13/2006,33,48,6,7,20,9
825,12/16/2006,28,21,40,10,41,47
826,12/19/2006,45,6,8,7,53,27
827,12/21/2006,24,56,30,51,42,18
828,12/23/2006,23,50,53,42,28,38
829,12/31/2006,32,50,14,47,10,56
830,1/3/2007,53,51,2,41,13,49
831,1/6/2007,3,50,48,42,32,33
832,1/10/2007,17,49,15,33,39,23
833,1/13/2007,53,58,57,16,46,13
834,1/17/2007,44,10,17,16,51,34
835,1/20/2007,58,31,57,49,33,18
836,1/24/2007,28,22,38,17,52,59
837,1/27/2007,16,5,24,34,6,60
838,1/31/2007,9,30,47,38,23,44
839,2/3/2007,11,18,8,7,37,43
840,2/7/2007,43,29,35,59,31,17
841,2/10/2007,36,51,32,22,38,7
842,2/14/2007,51,44,60,9,7,30
843,2/17/2007,34,48,1,16,45,36
844,2/24/2007,54,24,44,57,34,16
845,2/28/2007,40,48,19,20,14,52
846,3/3/2007,47,54,2,50,3,44
847,3/7/2007,42,14,44,27,15,48
848,3/10/2007,56,34,17,32,47,27
849,3/14/2007,8,39,9,58,44,49
850,3/17/2007,60,22,59,25,44,7
851,3/21/2007,16,32,35,58,19,3
852,3/24/2007,14,38,6,23,44,34
853,3/28/2007,51,30,59,46,38,56
854,3/31/2007,17,3,24,27,44,25
855,4/4/2007,42,3,24,53,43,31
856,4/7/2007,11,40,41,47,15,42
857,4/11/2007,17,59,49,2,3,50
858,4/14/2007,31,37,54,23,4,18
859,4/18/2007,46,47,12,57,34,9
860,4/23/2007,22,8,17,42,44,2
861,4/25/2007,42,40,60,59,47,39
862,4/28/2007,19,35,12,2,11,8
863,5/2/2007,32,53,50,57,15,24
864,5/5/2007,31,11,33,42,57,8
865,5/9/2007,27,23,41,51,26,53
866,5/12/2007,36,48,27,40,5,46
867,5/16/2007,54,26,28,19,44,10
868,5/19/2007,57,51,21,22,25,40
869,5/23/2007,29,42,50,51,49,27
870,5/26/2007,52,8,43,34,40,21
871,5/30/2007,17,5,58,1,47,10
872,6/2/2007,18,55,58,43,31,5
873,6/6/2007,57,59,4,34,19,30
874,6/9/2007,59,20,52,42,44,10
875,6/13/2007,53,18,36,58,24,20
876,6/16/2007,4,12,41,45,60,8
877,6/20/2007,13,15,20,31,28,36
878,6/23/2007,37,12,43,38,11,54
879,6/27/2007,29,10,46,35,42,28
880,6/30/2007,51,30,49,25,37,46
881,7/4/2007,43,24,4,51,18,56
882,7/7/2007,42,45,44,60,41,17
883,7/11/2007,21,37,60,32,52,53
884,7/14/2007,22,11,2,14,39,12
885,7/18/2007,13,4,31,33,47,51
886,7/21/2007,50,55,37,33,59,17
887,7/25/2007,44,12,32,21,1,34
888,7/28/2007,50,24,40,54,52,60
889,8/1/2007,34,54,20,39,60,24
890,8/4/2007,9,21,22,7,17,54
891,8/8/2007,15,22,19,35,34,16
892,8/11/2007,1,49,52,42,19,44
893,8/15/2007,56,53,51,26,18,3
894,8/18/2007,37,24,44,28,20,41
895,8/22/2007,2,55,41,43,57,58
896,8/25/2007,31,11,41,35,22,5
897,8/29/2007,21,57,46,22,7,43
898,9/1/2007,4,8,3,54,45,30
899,9/5/2007,58,18,54,36,53,20
900,9/8/2007,4,21,59,18,38,34
901,9/12/2007,32,34,16,13,56,33
902,9/15/2007,52,55,23,50,58,18
903,9/19/2007,17,5,32,55,20,41
904,9/22/2007,32,44,59,53,48,51
905,9/26/2007,4,15,57,55,2,16
906,9/29/2007,35,39,29,24,7,14
907,10/3/2007,9,41,53,37,36,51
908,10/6/2007,19,1,9,25,50,52
909,10/10/2007,42,17,26,38,28,22
910,10/13/2007,53,29,36,3,15,27
911,10/17/2007,49,46,1,29,6,28
912,10/20/2007,26,21,54,4,19,29
913,10/24/2007,30,14,59,36,46,38
914,10/27/2007,33,51,9,23,45,12
915,10/31/2007,20,28,49,26,17,48
916,11/3/2007,33,37,5,38,28,36
917,11/7/2007,23,59,25,47,46,30
918,11/10/2007,38,44,8,4,12,52
919,11/14/2007,43,25,41,60,31,3
920,11/17/2007,17,57,55,24,52,5
921,11/21/2007,35,41,1,57,9,48
922,11/24/2007,41,49,45,19,13,12
923,11/28/2007,53,39,2,50,57,15
924,12/1/2007,51,27,60,21,20,2
925,12/5/2007,52,37,46,8,22,36
926,12/8/2007,40,41,34,33,21,59
927,12/12/2007,36,26,31,23,19,33
928,12/15/2007,32,10,49,60,4,33
929,12/19/2007,16,49,35,39,57,27
930,12/22/2007,46,20,55,37,28,49
931,12/31/2007,17,34,7,36,39,19
932,1/5/2008,2,21,42,53,36,17
933,1/9/2008,25,39,45,51,8,14
934,1/12/2008,25,48,44,3,21,1
935,1/16/2008,7,45,18,13,29,31
936,1/19/2008,5,33,14,29,44,22
937,1/23/2008,22,41,2,30,21,52
938,1/26/2008,35,15,27,57,50,59
939,1/30/2008,6,23,19,50,37,49
940,2/2/2008,25,33,51,31,5,37
941,2/6/2008,11,15,10,27,60,53
942,2/9/2008,5,52,18,8,59,42
943,2/13/2008,47,41,58,3,23,12
944,2/16/2008,16,58,43,37,52,59
945,2/20/2008,44,8,59,54,4,27
946,2/23/2008,59,1,47,5,52,12
947,2/27/2008,33,11,3,58,14,5
948,3/1/2008,22,44,41,46,52,54
949,3/5/2008,44,1,51,52,41,23
950,3/8/2008,48,59,49,41,42,23
951,3/12/2008,49,24,39,34,55,14
952,3/15/2008,54,11,27,18,2,30
953,3/19/2008,55,48,1,39,16,42
954,3/22/2008,8,5,24,18,57,33
955,3/26/2008,35,5,32,21,33,12
956,3/29/2008,46,51,47,59,54,57
957,4/2/2008,50,32,25,34,57,24
958,4/5/2008,13,22,7,33,51,48
959,4/9/2008,57,3,5,11,33,39
960,4/12/2008,34,6,33,18,53,19
961,4/16/2008,16,53,2,4,21,36
962,4/19/2008,2,48,49,40,55,11
963,4/23/2008,37,17,15,50,48,59
964,4/26/2008,42,13,33,20,8,26
965,4/30/2008,36,39,57,58,5,30
966,5/3/2008,1,58,26,28,4,41
967,5/7/2008,18,14,57,30,13,5
968,5/10/2008,30,4,13,60,51,1
969,5/14/2008,56,35,50,13,41,25
970,5/17/2008,57,34,5,54,28,21
971,5/21/2008,4,14,33,44,11,45
972,5/24/2008,33,18,15,56,31,34
973,5/28/2008,53,36,8,30,1,47
974,5/31/2008,45,20,38,31,16,12
975,6/4/2008,33,9,37,40,41,30
976,6/7/2008,28,53,38,23,14,25
977,6/11/2008,17,3,9,32,7,5
978,6/14/2008,42,58,12,18,16,27
979,6/18/2008,28,3,39,51,31,15
980,6/21/2008,35,17,59,15,36,29
981,6/25/2008,8,41,53,1,58,34
982,6/28/2008,12,24,8,40,43,49
983,7/2/2008,38,45,40,16,32,22
984,7/5/2008,46,20,4,43,47,10
985,7/9/2008,4,56,18,59,46,16
986,7/12/2008,32,6,31,24,15,19
987,7/16/2008,47,27,13,31,34,58
988,7/19/2008,48,17,46,56,60,8
989,7/23/2008,38,21,27,2,29,32
990,7/26/2008,29,18,2,15,10,39
991,7/30/2008,8,38,60,41,15,9
992,8/2/2008,6,8,4,1,25,28
993,8/6/2008,26,25,42,60,5,24
994,8/9/2008,44,40,58,29,3,20
995,8/13/2008,4,54,55,36,16,31
996,8/16/2008,21,23,20,7,29,15
997,8/20/2008,18,53,55,32,9,17
998,8/23/2008,28,21,4,32,3,22
999,8/27/2008,44,36,55,58,18,24
1000,8/30/2008,49,58,53,39,38,29
1001,9/3/2008,15,37,27,12,60,51
1002,9/6/2008,3,31,7,25,40,58
1003,9/10/2008,10,27,23,5,16,26
1004,9/13/2008,45,47,29,40,44,43
1005,9/17/2008,6,41,4,37,12,42
1006,9/20/2008,48,17,4,33,55,2
1007,9/24/2008,49,27,4,36,52,37
1008,9/27/2008,7,15,42,48,34,13
1009,10/1/2008,34,12,1,6,58,29
1010,10/4/2008,2,46,3,37,13,54
1011,10/8/2008,30,2,52,21,11,35
1012,10/11/2008,47,19,58,14,40,55
1013,10/15/2008,7,9,20,41,12,19
1014,10/18/2008,60,57,9,25,8,41
1015,10/22/2008,49,8,28,3,26,17
1016,10/25/2008,11,9,25,5,60,20
1017,10/29/2008,31,51,19,6,56,34
1018,11/1/2008,55,51,58,9,44,24
1019,11/5/2008,29,47,4,13,46,23
1020,11/8/2008,19,32,52,1,2,39
1021,11/12/2008,42,55,51,43,2,33
1022,11/16/2008,31,21,40,39,56,5
1023,11/19/2008,45,40,2,7,18,8
1024,11/22/2008,28,53,18,39,22,29
1025,11/26/2008,52,40,29,27,28,10
1026,11/29/2008,10,33,51,53,6,17
1027,12/3/2008,20,18,47,44,60,33
1028,12/6/2008,54,26,34,51,20,52
1029,12/10/2008,17,5,16,24,20,32
1030,12/13/2008,57,8,54,1,23,37
1031,12/17/2008,49,33,24,40,46,43
1032,12/20/2008,57,43,15,29,26,16
1033,12/24/2008,39,6,5,33,54,17
1034,12/27/2008,20,42,1,3,49,18
1035,12/31/2008,51,60,1,11,59,26
1036,1/3/2009,27,39,36,10,41,52
1037,1/7/2009,56,36,4,44,46,53
1038,1/10/2009,51,7,6,28,35,43
1039,1/14/2009,52,2,20,27,36,24
1040,1/17/2009,44,1,28,55,6,39
1041,1/21/2009,12,10,36,54,44,57
1042,1/24/2009,25,46,51,18,13,30
1043,1/28/2009,25,14,51,48,60,21
1044,1/31/2009,58,10,39,11,13,35
1045,2/4/2009,31,6,5,17,50,1
1046,2/7/2009,57,40,28,42,54,55
1047,2/11/2009,1,2,10,48,14,8
1048,2/14/2009,57,3,38,21,28,16
1049,2/18/2009,34,17,52,5,2,29
1050,2/21/2009,60,14,45,24,33,26
1051,2/25/2009,57,11,7,43,10,13
1052,2/28/2009,8,11,16,15,57,52
1053,3/4/2009,15,42,27,53,34,49
1054,3/7/2009,41,27,13,60,14,18
1055,3/11/2009,27,32,15,12,20,16
1056,3/14/2009,38,8,50,53,59,6
1057,3/18/2009,15,49,59,4,3,2
1058,3/21/2009,20,51,57,45,24,18
1059,3/25/2009,37,1,14,45,12,16
1060,3/28/2009,1,41,3,18,16,42
1061,4/1/2009,9,41,56,23,21,30
1062,4/4/2009,55,8,2,37,23,33
1063,4/8/2009,49,1,22,47,44,50
1064,4/11/2009,28,4,19,16,49,29
1065,4/15/2009,7,57,19,43,39,30
1066,4/18/2009,10,43,49,32,25,6
1067,4/22/2009,14,10,56,25,4,28
1068,4/25/2009,44,48,25,57,27,47
1069,4/29/2009,28,17,49,53,45,9
1070,5/2/2009,41,53,8,23,5,16
1071,5/6/2009,5,37,43,7,53,54
1072,5/9/2009,19,18,54,47,43,9
1073,5/13/2009,44,36,32,8,34,25
1074,5/16/2009,3,47,10,50,29,23
1075,5/20/2009,53,39,16,21,10,12
1076,5/23/2009,32,33,10,19,42,4
1077,5/27/2009,11,6,18,5,37,9
1078,5/30/2009,3,6,45,34,41,43
1079,6/3/2009,36,12,37,24,5,28
1080,6/6/2009,56,11,20,41,34,18
1081,6/10/2009,9,56,29,52,16,24
1082,6/13/2009,4,40,50,17,55,38
1083,6/17/2009,20,28,42,23,10,43
1084,6/20/2009,20,5,29,59,40,33
1085,6/24/2009,39,50,21,12,40,55
1086,6/27/2009,45,4,6,23,10,2
1087,7/1/2009,36,46,28,32,3,20
1088,7/4/2009,24,42,35,31,6,57
1089,7/8/2009,37,48,32,2,18,20
1090,7/11/2009,24,9,40,20,36,42
1091,7/15/2009,27,56,17,24,49,23
1092,7/18/2009,40,30,1,9,33,34
1093,7/22/2009,27,49,38,23,41,19
1094,7/25/2009,10,9,48,36,41,21
1095,7/29/2009,27,23,36,10,21,16
1096,8/1/2009,3,41,52,14,13,16
1097,8/5/2009,21,48,33,1,56,17
1098,8/8/2009,30,20,21,11,50,52
1099,8/12/2009,55,44,38,35,14,31
1100,8/15/2009,41,33,17,18,7,42
1101,8/19/2009,7,12,57,6,24,10
1102,8/22/2009,46,23,9,35,11,51
1103,8/26/2009,41,19,10,28,55,56
1104,8/29/2009,3,35,58,49,2,6
1105,9/2/2009,43,1,50,28,57,15
1106,9/5/2009,4,15,50,60,43,47
1107,9/9/2009,36,20,54,9,3,53
1108,9/12/2009,60,44,7,39,43,9
1109,9/16/2009,11,52,14,6,29,8
1110,9/19/2009,26,45,6,28,42,14
1111,9/23/2009,4,43,25,9,33,32
1112,9/26/2009,4,34,52,32,58,43
1113,9/30/2009,47,36,29,59,3,6
1114,10/3/2009,16,3,22,54,25,15
1115,10/7/2009,44,41,18,50,37,30
1116,10/10/2009,17,20,4,47,9,13
1117,10/14/2009,27,35,40,1,6,17
1118,10/17/2009,55,44,8,20,43,21
1119,10/21/2009,44,54,41,45,34,10
1120,10/24/2009,50,55,7,35,44,40
1121,10/28/2009,18,4,59,54,56,17
1122,10/31/2009,49,44,56,26,46,55
1123,11/4/2009,19,4,39,14,45,60
1124,11/7/2009,49,11,7,18,16,33
1125,11/11/2009,7,42,56,29,33,3
1126,11/14/2009,59,31,57,4,52,42
1127,11/18/2009,24,8,14,5,29,30
1128,11/21/2009,60,8,39,52,24,16
1129,11/25/2009,47,19,17,12,32,55
1130,11/28/2009,23,49,32,54,18,5
1131,12/2/2009,49,34,36,1,16,8
1132,12/5/2009,52,30,27,12,55,33
1133,12/9/2009,16,5,58,39,10,21
1134,12/12/2009,29,36,56,22,9,51
1135,12/16/2009,5,4,19,39,6,23
1136,12/19/2009,7,31,32,37,43,34
1137,12/22/2009,21,28,19,25,50,43
1138,12/24/2009,4,25,18,15,36,2
1139,12/26/2009,36,42,37,9,28,31
1140,12/31/2009,49,58,40,46,10,27
1141,1/2/2010,40,9,37,58,50,60
1142,1/6/2010,28,31,15,58,3,26
1143,1/9/2010,35,47,60,44,30,3
1144,1/13/2010,19,10,49,18,1,44
1145,1/16/2010,19,3,60,33,24,16
1146,1/20/2010,10,34,53,33,28,6
1147,1/23/2010,23,39,52,31,6,33
1148,1/27/2010,48,32,29,55,27,28
1149,1/30/2010,46,54,8,36,7,23
1150,2/3/2010,28,17,35,52,31,15
1151,2/6/2010,1,25,4,14,21,51
1152,2/10/2010,47,36,44,29,20,14
1153,2/13/2010,55,46,34,17,19,6
1154,2/17/2010,4,14,21,26,12,28
1155,2/20/2010,28,58,41,40,51,20
1156,2/24/2010,31,49,44,24,9,48
1157,2/27/2010,46,9,43,41,49,29
1158,3/3/2010,23,31,60,55,30,54
1159,3/6/2010,53,46,5,6,34,55
1160,3/10/2010,40,5,3,48,1,18
1161,3/13/2010,48,47,7,4,42,51
1162,3/17/2010,31,25,18,41,22,30
1163,3/20/2010,5,51,31,53,47,17
1164,3/24/2010,17,6,14,40,49,26
1165,3/27/2010,20,52,60,42,54,40
1166,3/31/2010,35,28,54,30,22,31
1167,4/3/2010,43,28,56,20,52,51
1168,4/7/2010,47,20,4,56,53,5
1169,4/10/2010,14,1,11,23,42,48
1170,4/14/2010,46,11,27,34,49,13
1171,4/17/2010,41,3,10,30,57,13
1172,4/20/2010,28,52,6,43,12,56
1173,4/24/2010,7,25,24,36,5,47
1174,4/28/2010,7,52,6,51,47,39
1175,4/30/2010,2,3,12,37,47,16
1176,5/5/2010,21,11,49,14,33,30
1177,5/8/2010,33,52,55,47,38,50
1178,5/12/2010,1,53,22,50,45,30
1179,5/15/2010,59,28,47,60,22,5
1180,5/19/2010,60,12,34,30,44,57
1181,5/22/2010,44,18,45,31,26,20
1182,5/26/2010,52,29,56,60,2,4
1183,5/29/2010,12,5,10,20,29,37
1184,6/2/2010,4,23,27,28,9,30
1185,6/5/2010,54,10,2,43,21,35
1186,6/9/2010,41,12,15,7,13,8
1187,6/12/2010,8,49,43,17,40,19
1188,6/16/2010,60,52,59,9,44,20
1189,6/19/2010,50,21,14,35,31,27
1190,6/23/2010,11,53,56,37,10,19
1191,6/26/2010,25,22,11,16,33,3
1192,6/30/2010,49,17,20,59,57,52
1193,7/3/2010,12,54,2,32,14,9
1194,7/7/2010,24,53,41,6,13,50
1195,7/10/2010,27,17,57,26,55,20
1196,7/14/2010,60,3,20,19,58,6
1197,7/17/2010,39,54,36,37,60,49
1198,7/21/2010,29,22,36,58,41,48
1199,7/24/2010,58,28,23,39,16,19
1200,7/28/2010,10,3,39,54,56,11
1201,7/31/2010,36,32,55,49,60,28
1202,8/4/2010,9,60,11,53,48,8
1203,8/7/2010,55,30,33,9,7,38
1204,8/11/2010,10,25,5,39,52,43
1205,8/14/2010,14,4,26,35,29,13
1206,8/18/2010,2,11,37,36,48,6
1207,8/21/2010,32,35,22,9,56,11
1208,8/25/2010,45,12,1,26,54,20
1209,8/28/2010,30,17,38,14,5,35
1210,9/1/2010,3,7,9,10,31,34
1211,9/4/2010,36,54,3,31,15,48
1212,9/8/2010,35,50,2,23,33,40
1213,9/11/2010,3,53,45,11,34,26
1214,9/15/2010,5,41,29,36,30,48
1215,9/18/2010,47,51,10,50,30,25
1216,9/22/2010,7,25,4,58,13,27
1217,9/25/2010,5,43,28,15,11,50
1218,9/29/2010,33,23,29,46,10,31
1219,10/2/2010,34,37,41,53,2,33
1220,10/6/2010,48,55,52,43,5,15
1221,10/9/2010,46,5,58,37,14,43
1222,10/13/2010,26,19,48,57,5,8
1223,10/16/2010,17,15,48,42,35,47
1224,10/20/2010,41,19,57,53,21,27
1225,10/23/2010,32,55,34,31,50,40
1226,10/27/2010,31,55,56,50,40,10
1227,10/30/2010,35,31,4,30,54,28
1228,11/3/2010,36,10,60,52,50,23
1229,11/6/2010,12,49,60,32,30,40
1230,11/10/2010,37,35,12,22,19,9
1231,11/13/2010,20,27,49,5,23,39
1232,11/17/2010,12,18,15,8,11,22
1233,11/20/2010,49,22,59,29,32,54
1234,11/24/2010,3,5,24,19,30,35
1235,11/27/2010,16,49,55,20,10,26
1236,12/1/2010,17,20,38,8,53,3
1237,12/4/2010,26,21,39,5,18,59
1238,12/8/2010,40,45,24,14,13,39
1239,12/11/2010,15,1,48,37,39,52
1240,12/15/2010,22,42,49,8,12,9
1241,12/18/2010,13,26,25,10,28,45
1242,12/20/2010,54,45,51,11,34,48
1243,12/22/2010,32,19,23,57,9,29
1244,12/24/2010,45,8,34,15,2,25
1245,12/31/2010,34,10,37,50,43,2
1246,1/5/2011,59,10,37,57,40,43
1247,1/8/2011,9,11,24,3,51,36
1248,1/12/2011,20,33,58,34,57,60
1249,1/15/2011,3,40,8,53,51,36
1250,1/19/2011,59,1,2,40,51,24
1251,1/22/2011,48,27,34,52,46,5
1252,1/26/2011,35,2,51,14,49,39
1253,1/29/2011,2,51,17,44,43,23
1254,2/2/2011,9,29,18,7,14,39
1255,2/5/2011,23,5,54,39,38,51
1256,2/9/2011,26,38,33,35,53,43
1257,2/12/2011,27,15,30,52,26,2
1258,2/16/2011,47,26,11,57,59,55
1259,2/19/2011,39,54,58,46,4,6
1260,2/23/2011,19,23,31,53,29,41
1261,2/26/2011,10,41,14,22,53,42
1262,3/2/2011,11,39,9,5,8,7
1263,3/5/2011,41,53,18,4,36,26
1264,3/9/2011,56,17,37,51,4,36
1265,3/12/2011,13,50,46,24,60,19
1266,3/16/2011,39,6,42,10,60,33
1267,3/19/2011,47,58,4,41,20,30
1268,3/23/2011,17,53,60,44,16,3
1269,3/26/2011,51,5,27,4,15,17
1270,3/30/2011,31,33,24,5,42,9
1271,4/2/2011,2,52,39,59,48,1
1272,4/6/2011,28,27,13,35,26,52
1273,4/9/2011,60,26,19,58,13,40
1274,4/13/2011,13,59,21,17,40,39
1275,4/16/2011,58,55,14,2,60,48
1276,4/20/2011,9,40,5,22,36,11
1277,4/23/2011,50,59,18,31,60,12
1278,4/27/2011,4,16,24,56,25,30
1279,4/30/2011,8,29,36,35,14,40
1280,5/4/2011,29,6,54,10,20,16
1281,5/7/2011,36,14,30,38,11,8
1282,5/11/2011,4,39,56,23,52,55
1283,5/14/2011,59,8,60,44,40,30
1284,5/18/2011,26,21,20,36,31,29
1285,5/21/2011,33,10,15,38,31,28
1286,5/25/2011,5,52,2,33,51,28
1287,5/28/2011,33,42,12,31,11,52
1288,6/1/2011,42,32,56,40,30,17
1289,6/4/2011,13,8,27,1,3,52
1290,6/8/2011,14,50,3,23,2,34
1291,6/11/2011,18,57,58,40,47,54
1292,6/15/2011,30,31,23,9,54,11
1293,6/18/2011,24,50,1,44,13,40
1294,6/22/2011,6,50,4,48,29,51
1295,6/25/2011,20,2,43,15,5,57
1296,6/29/2011,49,43,14,10,53,46
1297,7/2/2011,2,56,11,5,59,13
1298,7/6/2011,60,14,53,30,15,55
1299,7/9/2011,56,32,8,22,43,53
1300,7/13/2011,46,43,59,54,44,53
1301,7/16/2011,16,25,3,51,23,56
1302,7/20/2011,44,15,56,2,10,57
1303,7/23/2011,19,51,54,8,52,46
1304,7/27/2011,35,23,15,7,20,14
1305,7/30/2011,44,11,5,46,36,3
1306,8/3/2011,45,6,19,34,43,22
1307,8/6/2011,10,47,54,7,43,32
1308,8/9/2011,24,33,7,30,47,8
1309,8/11/2011,7,12,25,26,32,39
1310,8/13/2011,14,8,53,9,59,32
1311,8/17/2011,54,7,19,12,45,9
1312,8/20/2011,28,30,29,22,20,5
1313,8/24/2011,39,26,49,1,4,43
1314,8/27/2011,42,44,52,58,60,38
1315,8/31/2011,27,29,1,50,52,38
1316,9/3/2011,48,34,25,42,13,8
1317,9/8/2011,35,29,37,13,6,30
1318,9/10/2011,34,46,14,28,11,16
1319,9/14/2011,16,4,18,27,5,51
1320,9/17/2011,38,17,55,41,24,25
1321,9/21/2011,51,59,47,10,60,53
1322,9/24/2011,55,43,21,10,47,53
1323,9/28/2011,25,37,15,6,48,55
1324,10/1/2011,29,44,51,31,18,57
1325,10/5/2011,35,2,20,43,5,16
1326,10/8/2011,30,19,10,18,50,11
1327,10/13/2011,41,35,36,16,52,54
1328,10/15/2011,43,27,59,53,23,10
1329,10/19/2011,43,50,8,7,39,11
1330,10/22/2011,48,8,21,18,49,30
1331,10/26/2011,24,46,39,57,26,9
1332,10/29/2011,5,13,3,24,35,59
1333,11/3/2011,25,51,26,42,28,33
1334,11/5/2011,8,25,27,6,10,1
1335,11/9/2011,49,3,51,20,22,14
1336,11/12/2011,51,54,32,1,38,47
1337,11/16/2011,38,2,45,35,20,51
1338,11/19/2011,19,33,18,43,60,1
1339,11/23/2011,59,10,16,14,7,54
1340,11/26/2011,36,21,13,59,60,30
1341,11/30/2011,11,40,37,20,1,52
1342,12/3/2011,5,60,46,42,50,7
1343,12/7/2011,51,31,42,20,56,19
1344,12/10/2011,19,42,8,36,21,59
1345,12/14/2011,50,40,26,7,19,17
1346,12/17/2011,59,47,32,48,40,12
1347,12/20/2011,19,45,54,56,46,9
1348,12/22/2011,38,45,39,7,12,56
1349,12/24/2011,9,19,20,50,60,51
1350,12/31/2011,4,36,29,55,45,3
1351,1/4/2012,13,50,41,36,56,33
1352,1/7/2012,35,59,36,9,18,24
1353,1/11/2012,47,11,3,27,32,13
1354,1/14/2012,2,42,8,49,48,38
1355,1/18/2012,39,49,11,24,17,46
1356,1/21/2012,21,46,6,22,13,31
1357,1/25/2012,55,52,26,19,1,24
1358,1/28/2012,16,15,37,3,35,47
1359,2/1/2012,12,17,28,53,6,10
1360,2/4/2012,50,25,17,16,54,2
1361,2/8/2012,37,27,44,30,38,23
1362,2/11/2012,58,19,12,22,2,36
1363,2/15/2012,52,25,42,45,35,57
1364,2/18/2012,20,13,40,10,53,44
1365,2/22/2012,50,35,32,26,2,24
1366,2/25/2012,59,44,54,37,27,12
1367,3/1/2012,38,29,43,13,7,2
1368,3/3/2012,10,26,29,38,32,21
1369,3/7/2012,32,24,16,38,5,46
1370,3/10/2012,2,27,59,49,4,5
1371,3/14/2012,47,11,8,49,3,4
1372,3/17/2012,46,60,58,36,40,3
1373,3/21/2012,52,39,7,27,55,57
1374,3/24/2012,21,33,28,31,43,6
1375,3/28/2012,25,28,53,45,14,58
1376,3/31/2012,53,49,21,11,54,9
1377,4/4/2012,25,5,13,12,35,2
1378,4/7/2012,18,17,59,2,54,5
1379,4/11/2012,45,5,36,12,50,58
1380,4/14/2012,52,14,3,60,57,55
1381,4/18/2012,44,30,27,11,40,57
1382,4/20/2012,17,27,55,13,5,16
1383,4/25/2012,9,55,23,44,7,46
1384,4/28/2012,56,18,31,2,30,45
1385,5/2/2012,42,37,35,27,59,36
1386,5/5/2012,39,56,28,12,51,38
1387,5/9/2012,43,27,18,52,50,32
1388,5/12/2012,54,31,50,43,29,22
1389,5/16/2012,1,44,39,16,57,28
1390,5/19/2012,29,27,19,4,28,31
1391,5/23/2012,19,7,12,34,53,40
1392,5/26/2012,43,8,2,28,33,12
1393,5/30/2012,44,28,18,24,4,39
1394,6/2/2012,11,35,16,46,24,50
1395,6/6/2012,5,44,11,19,17,48
1396,6/9/2012,52,48,54,58,55,29
1397,6/13/2012,15,56,3,27,4,7
1398,6/16/2012,42,51,14,40,32,33
1399,6/20/2012,39,43,60,57,34,56
1400,6/23/2012,34,26,9,43,54,53
1401,6/27/2012,12,11,54,33,48,25
1402,6/30/2012,38,10,27,2,21,9
1403,7/4/2012,16,39,13,26,42,20
1404,7/7/2012,7,32,31,51,27,8
1405,7/11/2012,14,17,32,37,39,3
1406,7/14/2012,7,10,38,17,24,57
1407,7/18/2012,53,42,31,43,29,18
1408,7/21/2012,43,39,20,19,24,4
1409,7/25/2012,50,6,47,58,26,19
1410,7/28/2012,54,29,18,42,40,50
1411,8/1/2012,32,44,12,8,48,46
1412,8/4/2012,6,8,37,24,45,41
1413,8/7/2012,54,33,13,55,45,15
1414,8/9/2012,44,49,57,37,21,46
1415,8/11/2012,51,49,46,40,36,26
1416,8/15/2012,49,3,19,35,22,24
1417,8/18/2012,12,56,5,52,45,59
1418,8/22/2012,7,8,10,27,12,56
1419,8/25/2012,52,21,48,58,30,17
1420,8/29/2012,45,16,18,11,36,2
1421,9/1/2012,31,39,59,19,53,44
1422,9/5/2012,17,44,2,5,13,39
1423,9/8/2012,43,8,21,27,3,25
1424,9/12/2012,60,38,29,3,7,15
1425,9/15/2012,7,29,50,16,38,36
1426,9/19/2012,24,44,6,15,18,30
1427,9/22/2012,47,44,53,56,8,39
1428,9/26/2012,15,55,37,34,19,7
1429,9/29/2012,9,22,60,48,12,39
1430,10/3/2012,19,2,30,46,22,52
1431,10/6/2012,33,54,40,5,9,13
1432,10/10/2012,16,24,25,45,59,42
1433,10/13/2012,14,46,40,13,4,52
1434,10/17/2012,3,34,58,22,18,55
1435,10/20/2012,45,47,50,52,15,4
1436,10/24/2012,1,23,13,30,24,57
1437,10/27/2012,48,37,26,22,38,23
1438,10/31/2012,49,7,33,31,36,14
1439,11/3/2012,35,55,2,43,34,42
1440,11/7/2012,6,28,56,2,36,51
1441,11/10/2012,56,29,53,36,38,17
1442,11/14/2012,12,20,13,49,34,30
1443,11/17/2012,52,32,12,54,20,48
1444,11/21/2012,2,5,55,28,27,48
1445,11/24/2012,41,32,19,58,5,49
1446,11/28/2012,13,32,6,51,40,24
1447,12/1/2012,1,41,28,33,39,19
1448,12/5/2012,25,29,36,1,56,60
1449,12/8/2012,2,18,30,56,52,6
1450,12/12/2012,27,45,44,26,38,31
1451,12/15/2012,57,10,33,2,11,52
1452,12/18/2012,50,57,58,28,2,14
1453,12/20/2012,47,32,25,57,6,13
1454,12/22/2012,27,52,41,29,4,48
1455,12/31/2012,33,14,52,36,32,41
1456,1/2/2013,36,6,40,14,8,26
1457,1/5/2013,34,16,46,15,42,59
1458,1/9/2013,2,16,4,44,33,51
1459,1/12/2013,2,6,35,30,52,34
1460,1/16/2013,50,52,14,4,27,38
1461,1/19/2013,44,31,49,54,36,47
1462,1/23/2013,5,9,25,40,38,27
1463,1/26/2013,40,22,13,29,48,28
1464,1/30/2013,59,2,54,32,24,50
1465,2/2/2013,11,6,53,44,16,26
1466,2/6/2013,4,13,51,37,6,34
1467,2/9/2013,41,53,26,23,52,24
1468,2/13/2013,2,20,37,19,1,10
1469,2/16/2013,4,56,54,13,35,58
1470,2/20/2013,2,34,51,36,38,55
1471,2/23/2013,58,33,36,40,25,10
1472,2/27/2013,12,23,25,18,45,50
1473,3/2/2013,60,12,57,58,33,2
1474,3/6/2013,2,43,11,1,3,28
1475,3/9/2013,13,12,51,37,48,44
1476,3/13/2013,26,10,4,37,47,57
1477,3/16/2013,50,59,56,46,3,4
1478,3/20/2013,10,40,27,47,55,37
1479,3/23/2013,57,21,54,48,50,60
1480,3/27/2013,9,14,26,36,52,21
1481,3/30/2013,40,27,55,17,28,44
1482,4/3/2013,11,9,6,34,41,53
1483,4/6/2013,55,53,1,35,56,39
1484,4/10/2013,49,29,17,53,20,24
1485,4/13/2013,30,59,27,36,4,54
1486,4/17/2013,10,1,34,54,6,40
1487,4/20/2013,4,17,23,28,9,53
1488,4/24/2013,4,51,45,22,38,25
1489,4/27/2013,48,15,24,28,1,26
1490,5/2/2013,31,32,43,3,52,1
1491,5/4/2013,56,6,45,60,26,50
1492,5/8/2013,48,44,46,4,18,9
1493,5/11/2013,30,24,12,49,7,27
1494,5/15/2013,50,28,35,24,2,14
1495,5/18/2013,13,49,4,44,14,57
1496,5/22/2013,28,18,41,54,14,47
1497,5/25/2013,58,7,27,45,4,5
1498,5/29/2013,11,46,27,49,6,40
1499,6/1/2013,26,37,8,22,54,33
1500,6/5/2013,57,43,18,59,10,31
1501,6/8/2013,13,37,54,7,29,1
1502,6/12/2013,6,43,22,52,57,51
1503,6/15/2013,36,22,42,3,16,4
1504,6/19/2013,41,2,42,30,12,10
1505,6/22/2013,32,1,6,9,16,2
1506,6/26/2013,49,34,42,18,3,14
1507,6/29/2013,46,24,51,50,56,52
1508,7/3/2013,58,39,18,17,35,30
1509,7/6/2013,27,51,1,46,59,6
1510,7/10/2013,1,8,44,17,46,53
1511,7/13/2013,8,29,31,4,17,45
1512,7/17/2013,35,11,28,46,42,58
1513,7/20/2013,31,57,17,56,28,58
1514,7/24/2013,23,16,17,59,42,60
1515,7/27/2013,59,49,13,18,4,14
1516,7/31/2013,34,60,18,45,4,20
1517,8/3/2013,45,38,52,17,7,56
1518,8/6/2013,28,8,55,41,48,9
1519,8/8/2013,6,23,56,15,5,59
1520,8/10/2013,36,46,48,31,7,35
1521,8/14/2013,18,30,14,11,33,39
1522,8/17/2013,33,5,23,32,8,56
1523,8/21/2013,25,39,44,41,31,22
1524,8/24/2013,40,53,12,46,2,52
1525,8/28/2013,30,46,35,54,26,2
1526,8/31/2013,51,47,28,10,59,16
1527,9/4/2013,32,44,42,48,16,36
1528,9/6/2013,4,13,58,36,19,15
1529,9/11/2013,35,17,15,34,49,11
1530,9/14/2013,53,10,28,16,48,33
1531,9/18/2013,24,41,12,42,44,13
1532,9/21/2013,42,2,11,23,31,44
1533,9/25/2013,29,21,47,57,13,34
1534,9/28/2013,28,12,34,29,1,48
1535,10/2/2013,55,25,9,8,54,41
1536,10/5/2013,18,32,29,13,50,58
1537,10/9/2013,6,56,33,50,51,10
1538,10/11/2013,35,52,27,53,57,23
1539,10/16/2013,10,49,8,58,20,26
1540,10/19/2013,54,47,27,17,3,32
1541,10/23/2013,37,5,24,44,49,58
1542,10/26/2013,7,12,57,11,30,39
1543,10/30/2013,30,7,23,20,15,41
1544,11/1/2013,30,50,45,2,35,21
1545,11/6/2013,6,48,11,45,4,24
1546,11/9/2013,38,44,17,60,4,53
1547,11/13/2013,28,21,9,10,2,18
1548,11/16/2013,44,41,42,54,47,19
1549,11/20/2013,32,53,16,20,12,10
1550,11/23/2013,21,56,36,9,13,27
1551,11/27/2013,2,23,38,15,21,19
1552,11/30/2013,7,18,26,46,39,24
1553,12/4/2013,29,21,20,46,22,60
1554,12/7/2013,30,52,50,49,53,32
1555,12/11/2013,5,52,59,2,33,23
1556,12/14/2013,7,52,11,10,1,4
1557,12/17/2013,46,18,16,45,31,4
1558,12/19/2013,31,42,15,7,17,54
1559,12/21/2013,37,58,12,29,8,16
1560,12/31/2013,30,47,53,38,20,36
1561,1/2/2014,28,26,54,55,23,60
1562,1/4/2014,12,10,51,37,23,47
1563,1/9/2014,43,36,1,20,13,6
1564,1/11/2014,54,44,38,25,46,53
1565,1/15/2014,43,41,37,51,18,39
1566,1/18/2014,11,32,60,5,6,36
1567,1/22/2014,53,38,30,2,15,48
1568,1/25/2014,28,58,19,24,42,25
1569,1/29/2014,42,15,18,31,5,53
1570,2/1/2014,18,46,42,15,56,24
1571,2/5/2014,46,60,55,32,3,29
1572,2/8/2014,46,42,27,45,20,47
1573,2/12/2014,7,16,36,35,38,21
1574,2/15/2014,6,28,33,48,46,27
1575,2/19/2014,1,5,4,45,14,56
1576,2/22/2014,26,30,21,15,13,46
1577,2/26/2014,25,32,11,59,51,14
1578,3/1/2014,6,53,56,30,37,3
1579,3/5/2014,34,25,40,51,60,49
1580,3/8/2014,1,6,14,17,33,36
1581,3/12/2014,31,34,15,14,25,30
1582,3/15/2014,4,17,1,48,13,38
1583,3/19/2014,18,2,9,47,17,45
1584,3/22/2014,27,54,28,50,22,3
1585,3/26/2014,55,47,43,48,49,2
1586,3/29/2014,47,58,8,43,39,46
1587,4/2/2014,8,21,19,30,52,56
1588,4/5/2014,36,29,23,49,32,45
1589,4/9/2014,11,41,51,5,19,4
1590,4/12/2014,40,7,44,55,34,20
1591,4/16/2014,4,23,55,10,38,33
1592,4/19/2014,41,49,36,42,31,38
1593,4/23/2014,4,17,38,9,18,21
1594,4/26/2014,53,43,23,6,7,8
1595,4/30/2014,59,5,42,8,46,2
1596,5/3/2014,5,12,1,7,45,10
1597,5/7/2014,16,52,5,44,10,50
1598,5/10/2014,36,47,42,29,53,31
1599,5/14/2014,35,10,15,58,36,3
1600,5/17/2014,9,46,23,32,35,57
1601,5/21/2014,60,24,56,45,10,8
1602,5/24/2014,8,44,40,35,22,12
1603,5/28/2014,13,53,20,31,60,27
1604,5/31/2014,21,40,51,27,24,2
1605,6/4/2014,42,30,9,19,31,21
1606,6/7/2014,54,1,15,37,46,42
1607,6/11/2014,32,41,51,7,31,52
1608,6/14/2014,6,43,17,5,54,59
1609,6/18/2014,2,26,6,13,53,60
1610,6/21/2014,36,53,35,9,1,4
1611,6/25/2014,24,51,50,28,58,47
1612,6/28/2014,17,51,36,6,42,13
1613,7/2/2014,31,18,4,46,44,49
1614,7/5/2014,49,27,43,17,14,21
1615,7/9/2014,26,20,5,44,33,31
1616,7/12/2014,46,40,58,31,28,42
1617,7/16/2014,23,31,47,54,3,26
1618,7/19/2014,9,51,20,24,52,43
1619,7/23/2014,46,17,5,42,47,8
1620,7/26/2014,57,23,38,13,34,27
1621,7/30/2014,24,22,38,49,10,39
1622,8/2/2014,21,7,5,53,45,4
1623,8/5/2014,33,56,59,43,50,49
1624,8/7/2014,32,2,27,47,58,41
1625,8/9/2014,45,11,22,52,36,40
1626,8/13/2014,3,52,5,43,35,14
1627,8/16/2014,26,57,20,32,45,41
1628,8/20/2014,38,26,60,34,29,50
1629,8/23/2014,47,20,35,4,59,24
1630,8/27/2014,30,43,7,44,1,54
1631,8/30/2014,47,48,44,60,4,29
1632,9/3/2014,18,56,27,6,24,59
1633,9/6/2014,2,11,49,13,36,1
1634,9/10/2014,44,9,33,10,23,51
1635,9/13/2014,30,32,51,8,28,23
1636,9/17/2014,33,19,52,51,35,26
1637,9/20/2014,5,56,24,55,1,47
1638,9/24/2014,38,2,42,58,41,1
1639,9/27/2014,35,51,34,49,16,29
1640,10/1/2014,6,18,46,23,31,2
1641,10/4/2014,51,30,29,33,46,23
1642,10/8/2014,47,3,43,42,60,23
1643,10/11/2014,19,20,16,60,28,37
1644,10/15/2014,10,16,34,13,60,22
1645,10/18/2014,31,37,21,38,8,18
1646,10/22/2014,34,23,41,19,40,58
1647,10/25/2014,38,54,23,12,17,53
1648,10/29/2014,48,18,15,22,20,16
1649,11/1/2014,54,33,24,44,38,42
1650,11/5/2014,23,57,29,17,60,38
1651,11/8/2014,27,44,8,35,38,41
1652,11/12/2014,44,28,24,57,7,26
1653,11/14/2014,45,22,27,21,1,32
1654,11/19/2014,50,33,42,7,58,16
1655,11/22/2014,56,46,7,24,28,53
1656,11/26/2014,6,4,43,54,56,11
1657,11/29/2014,10,54,37,45,14,7
1658,12/3/2014,7,40,19,49,11,23
1659,12/6/2014,20,33,37,49,4,10
1660,12/10/2014,17,38,42,51,34,8
1661,12/13/2014,16,48,43,27,58,13
1662,12/17/2014,57,10,25,14,33,29
1663,12/20/2014,20,27,49,40,55,18
1664,12/24/2014,48,8,21,36,23,29
1665,12/31/2014,20,11,16,1,56,5
1666,1/3/2015,51,27,1,23,45,2
1667,1/7/2015,51,24,56,7,12,44
1668,1/10/2015,47,40,55,57,52,5
1669,1/14/2015,29,28,31,48,45,49
1670,1/17/2015,1,33,30,17,47,19
1671,1/21/2015,21,31,56,55,45,27
1672,1/24/2015,20,10,1,5,42,3
1673,1/28/2015,35,10,47,5,24,23
1674,1/31/2015,42,59,30,58,50,22
1675,2/4/2015,36,3,35,56,18,34
1676,2/7/2015,2,1,37,51,48,11
1677,2/11/2015,52,33,15,28,51,10
1678,2/14/2015,35,52,17,19,9,11
1679,2/18/2015,28,2,1,46,27,47
1680,2/21/2015,37,46,47,51,23,38
1681,2/25/2015,1,33,8,11,6,50
1682,2/28/2015,13,39,51,37,35,7
1683,3/4/2015,48,4,12,34,32,33
1684,3/7/2015,9,12,31,50,18,39
1685,3/11/2015,39,46,18,51,31,3
1686,3/14/2015,44,37,9,55,14,46
1687,3/18/2015,15,58,24,37,46,49
1688,3/21/2015,18,23,42,56,32,30
1689,3/25/2015,41,2,53,5,13,27
1690,3/28/2015,24,45,53,35,26,21
1691,4/1/2015,39,45,58,10,1,24
1692,4/4/2015,44,56,13,14,27,11
1693,4/8/2015,19,18,38,5,21,15
1694,4/11/2015,34,29,20,37,57,45
1695,4/15/2015,36,43,38,24,58,44
1696,4/18/2015,12,1,31,37,17,46
1697,4/22/2015,8,30,23,51,53,58
1698,4/25/2015,24,44,28,13,45,11
1699,4/29/2015,1,10,30,33,38,6
1700,5/2/2015,58,41,48,50,15,18
1701,5/5/2015,9,3,18,40,32,56
1702,5/7/2015,39,52,17,35,19,33
1703,5/9/2015,49,3,35,39,23,26
1704,5/13/2015,11,7,59,51,32,1
1705,5/16/2015,50,37,51,27,29,25
1706,5/20/2015,12,31,34,48,36,56
1707,5/23/2015,36,27,20,7,16,52
1708,5/27/2015,38,50,29,45,17,32
1709,5/30/2015,30,7,47,35,19,42
1710,6/3/2015,59,56,7,28,21,58
1711,6/6/2015,38,22,50,45,26,39
1712,6/10/2015,50,19,59,2,29,12
1713,6/13/2015,3,29,10,16,23,27
1714,6/17/2015,51,2,24,52,36,8
1715,6/20/2015,20,16,35,40,60,53
1716,6/24/2015,25,36,2,53,42,41
1717,6/27/2015,9,58,16,44,2,37
1718,7/1/2015,30,53,4,31,47,32
1719,7/4/2015,44,22,31,54,34,1
1720,7/7/2015,49,39,18,31,57,23
1721,7/9/2015,12,33,4,38,36,19
1722,7/11/2015,41,39,9,49,23,58
1723,7/15/2015,27,60,30,14,46,52
1724,7/18/2015,27,39,37,58,60,33
1725,7/22/2015,26,31,30,18,16,34
1726,7/25/2015,42,54,57,3,49,10
1727,7/29/2015,4,6,41,40,19,20
1728,8/1/2015,28,39,8,59,42,3
1729,8/4/2015,53,14,44,7,23,43
1730,8/6/2015,1,24,10,17,42,51
1731,8/8/2015,59,49,43,5,27,18
1732,8/12/2015,25,60,34,53,45,38
1733,8/15/2015,5,9,41,14,3,46
1734,8/19/2015,52,29,17,41,12,25
1735,8/22/2015,46,16,33,45,34,6
1736,8/26/2015,13,32,12,41,24,29
1737,8/29/2015,59,5,51,42,50,8
1738,9/2/2015,53,46,28,48,37,12
1739,9/5/2015,34,17,9,46,10,32
1740,9/9/2015,38,15,47,25,10,53
1741,9/12/2015,49,18,20,32,15,48
1742,9/16/2015,23,27,21,19,52,11
1743,9/19/2015,34,31,29,4,10,35
1744,9/23/2015,12,9,56,29,14,42
1745,9/26/2015,13,47,60,18,52,9
1746,9/30/2015,37,40,6,58,41,18
1747,10/3/2015,53,34,59,33,48,6
1748,10/7/2015,2,53,13,49,10,41
1749,10/10/2015,33,13,14,3,43,29
1750,10/13/2015,17,41,48,15,20,31
1751,10/15/2015,42,22,51,23,57,15
1752,10/17/2015,36,53,55,37,60,9
1753,10/21/2015,54,8,45,29,35,15
1754,10/24/2015,20,31,40,30,27,53
1755,10/28/2015,48,5,30,18,8,2
1756,10/31/2015,28,13,6,14,45,35
1757,11/4/2015,43,13,28,56,37,25
1758,11/7/2015,6,23,16,11,42,36
1759,11/10/2015,2,14,21,60,22,51
1760,11/13/2015,25,10,24,47,48,36
1761,11/14/2015,53,36,10,9,50,55
1762,11/18/2015,45,59,42,55,32,26
1763,11/21/2015,21,9,15,36,12,31
1764,11/25/2015,6,7,41,39,29,55
1765,11/28/2015,1,28,56,37,6,58
1766,12/2/2015,60,23,22,46,53,41
1767,12/5/2015,44,26,39,35,16,45
1768,12/9/2015,35,11,7,50,34,5
1769,12/12/2015,32,44,54,60,47,37
1770,12/16/2015,34,30,41,11,27,26
1771,12/19/2015,38,2,27,28,32,20
1772,12/22/2015,27,39,19,41,12,45
1773,12/24/2015,45,41,39,30,15,59
1774,12/26/2015,1,52,30,60,20,12
1775,12/31/2015,31,2,51,42,18,56
1776,1/2/2016,39,11,48,14,19,10
1777,1/6/2016,55,4,44,38,19,52
1778,1/9/2016,4,38,48,10,45,40
1779,1/12/2016,25,56,30,12,39,57
1780,1/14/2016,20,6,33,22,31,34
1781,1/16/2016,22,8,52,1,53,49
1782,1/20/2016,34,57,47,18,6,52
1783,1/23/2016,38,16,21,4,18,6
1784,1/27/2016,30,15,54,55,26,4
1785,1/30/2016,27,5,42,54,41,11
1786,2/2/2016,34,8,2,21,25,6
1787,2/4/2016,1,29,13,25,5,26
1788,2/6/2016,42,45,56,13,3,59
1789,2/10/2016,57,59,6,25,43,58
1790,2/13/2016,28,13,11,26,50,27
1791,2/17/2016,55,12,50,18,53,46
1792,2/20/2016,47,41,18,17,2,16
1793,2/24/2016,56,13,22,54,14,58
1794,2/27/2016,1,5,37,60,34,40
1795,3/2/2016,55,50,42,58,47,30
1796,3/5/2016,54,22,48,34,23,53
1797,3/8/2016,2,57,35,13,54,14
1798,3/10/2016,9,28,45,2,23,53
1799,3/12/2016,53,1,3,4,51,39
1800,3/16/2016,31,56,16,6,11,19
1801,3/19/2016,19,45,43,6,54,34
1802,3/23/2016,6,14,2,17,44,13
1803,3/26/2016,4,29,8,49,38,50
1804,3/30/2016,20,50,48,59,28,21
1805,4/2/2016,17,49,27,22,57,31
1806,4/6/2016,11,42,55,58,35,20
1807,4/9/2016,43,15,22,1,16,25
1808,4/13/2016,20,25,45,2,41,14
1809,4/16/2016,23,12,54,46,9,24
1810,4/20/2016,56,10,43,50,1,25
1811,4/23/2016,32,37,5,35,17,57
1812,4/27/2016,45,34,23,20,37,32
1813,4/30/2016,51,9,13,15,19,11
1814,5/3/2016,53,51,27,11,46,9
1815,5/5/2016,60,8,25,39,41,11
1816,5/7/2016,12,10,46,28,22,5
1817,5/11/2016,47,1,26,55,39,4
1818,5/14/2016,10,53,15,2,6,56
1819,5/18/2016,37,26,18,30,33,17
1820,5/21/2016,27,19,23,3,45,40
1821,5/25/2016,53,31,19,52,36,22
1822,5/28/2016,22,53,26,1,43,50
1823,6/1/2016,54,34,59,21,9,4
1824,6/4/2016,19,30,60,12,6,5
1825,6/7/2016,21,54,10,50,51,11
1826,6/9/2016,43,48,32,19,17,51
1827,6/11/2016,43,33,53,26,54,42
1828,6/15/2016,40,32,11,6,59,48
1829,6/18/2016,53,32,30,7,24,13
1830,6/22/2016,29,3,54,7,37,60
1831,6/25/2016,55,15,48,32,28,27
1832,6/29/2016,34,47,57,56,14,46
1833,7/2/2016,2,42,3,27,16,7
1834,7/6/2016,2,22,51,24,48,17
1835,7/9/2016,50,36,8,28,47,58
1836,7/12/2016,59,18,45,60,8,15
1837,7/14/2016,41,48,57,50,44,54
1838,7/16/2016,59,24,30,8,57,5
1839,7/20/2016,28,32,22,56,58,7
1840,7/23/2016,33,41,48,15,17,47
1841,7/27/2016,6,51,13,38,49,3
1842,7/30/2016,18,43,22,24,16,34
1843,8/3/2016,28,26,33,41,8,54
1844,8/6/2016,4,3,37,39,48,50
1845,8/9/2016,9,3,29,13,30,51
1846,8/11/2016,49,26,30,34,24,6
1847,8/13/2016,45,1,57,49,50,6
1848,8/17/2016,58,41,50,40,9,55
1849,8/20/2016,35,27,3,11,44,5
1850,8/24/2016,24,32,23,40,41,38
1851,8/27/2016,35,22,8,37,21,18
1852,8/31/2016,29,13,49,50,45,17
1853,9/3/2016,2,41,39,1,34,45
1854,9/8/2016,59,30,43,31,34,25
1855,9/10/2016,6,38,24,39,15,10
1856,9/14/2016,14,9,2,32,22,37
1857,9/17/2016,53,35,52,25,23,13
1858,9/20/2016,55,30,28,59,33,22
1859,9/22/2016,13,26,1,21,14,51
1860,9/24/2016,10,40,30,44,36,60
1861,9/28/2016,45,9,60,2,35,4
1862,10/1/2016,8,49,35,42,56,2
1863,10/5/2016,23,45,16,58,59,56
1864,10/8/2016,5,4,37,40,60,14
1865,10/13/2016,42,5,32,37,1,31
1866,10/15/2016,14,36,60,38,17,44
1867,10/18/2016,3,43,21,17,22,10
1868,10/20/2016,25,5,31,1,28,23
1869,10/22/2016,11,26,24,52,40,23
1870,10/26/2016,30,40,33,18,20,32
1871,10/29/2016,17,58,33,52,11,3
1872,11/3/2016,39,11,56,46,13,25
1873,11/5/2016,25,5,53,28,41,54
1874,11/8/2016,43,28,10,37,47,44
1875,11/10/2016,53,45,47,1,52,55
1876,11/12/2016,7,18,51,41,44,39
1877,11/16/2016,35,13,32,16,24,23
1878,11/19/2016,56,26,40,16,57,12
1879,11/23/2016,20,58,10,59,57,5
1880,11/26/2016,19,51,56,16,5,37
1881,11/30/2016,30,10,53,44,3,56
1882,12/3/2016,41,35,37,10,19,9
1883,12/7/2016,28,59,16,47,27,60
1884,12/10/2016,38,1,32,4,23,59
1885,12/14/2016,59,7,18,23,32,14
1886,12/17/2016,7,40,54,15,3,45
1887,12/20/2016,23,56,41,46,34,11
1888,12/22/2016,48,1,18,45,17,10
1889,12/24/2016,30,25,23,44,28,16
1890,12/31/2016,5,24,51,22,11,53
1891,1/4/2017,47,1,3,19,23,58
1892,1/7/2017,50,22,6,37,30,17
1893,1/11/2017,17,58,45,19,28,16
1894,1/14/2017,31,35,57,54,21,53
1895,1/18/2017,3,5,2,34,10,15
1896,1/21/2017,25,6,14,21,3,15
1897,1/25/2017,52,9,58,47,22,25
1898,1/28/2017,53,12,58,55,34,45
1899,2/1/2017,48,35,44,23,36,20
1900,2/4/2017,46,11,8,43,28,27
1901,2/8/2017,30,53,26,11,37,12
1902,2/11/2017,25,18,2,21,9,7
1903,2/15/2017,9,43,10,15,45,28
1904,2/18/2017,21,18,56,15,51,12
1905,2/21/2017,43,54,29,57,35,56
1906,2/23/2017,27,40,33,6,39,60
1907,2/25/2017,3,48,44,35,25,38
1908,3/1/2017,10,27,57,13,23,4
1909,3/4/2017,47,43,45,40,57,11
1910,3/8/2017,9,6,39,15,22,48
1911,3/11/2017,32,16,33,23,18,30
1912,3/15/2017,42,10,33,36,13,35
1913,3/18/2017,14,56,52,17,4,43
1914,3/22/2017,39,33,29,16,44,42
1915,3/25/2017,57,21,2,33,20,48
1916,3/29/2017,3,50,18,23,9,52
1917,4/1/2017,4,36,25,21,46,33
1918,4/5/2017,22,17,50,38,20,16
1919,4/8/2017,60,28,54,37,45,11
1920,4/12/2017,39,45,31,25,43,33
1921,4/15/2017,19,10,16,15,28,35
1922,4/19/2017,20,41,22,36,43,38
1923,4/22/2017,46,34,59,45,9,42
1924,4/26/2017,16,52,53,58,30,12
1925,4/29/2017,47,43,38,1,17,45
1926,5/3/2017,46,3,2,30,14,20
1927,5/6/2017,11,5,30,31,13,19
1928,5/9/2017,28,51,59,26,53,10
1929,5/11/2017,10,52,23,36,3,43
1930,5/13/2017,17,56,37,52,18,4
1931,5/17/2017,34,8,2,15,9,22
1932,5/20/2017,55,21,16,44,29,10
1933,5/24/2017,15,19,35,59,14,2
1934,5/27/2017,56,39,35,8,23,59
1935,5/31/2017,24,17,10,1,3,23
1936,6/3/2017,51,40,52,24,12,3
1937,6/7/2017,10,29,24,43,6,55
1938,6/10/2017,10,54,42,16,40,32
1939,6/14/2017,39,29,24,52,7,45
1940,6/17/2017,36,16,9,47,13,17
1941,6/21/2017,38,1,9,48,49,24
1942,6/24/2017,48,20,43,18,6,24
1943,6/28/2017,43,11,39,9,30,12
1944,7/1/2017,8,57,47,39,9,59
1945,7/4/2017,8,54,21,10,45,4
1946,7/6/2017,6,39,4,44,52,60
1947,7/8/2017,52,59,55,40,8,33
1948,7/12/2017,28,33,20,24,57,12
1949,7/15/2017,30,1,14,56,22,6
1950,7/19/2017,32,21,10,48,34,57
1951,7/22/2017,55,14,16,21,33,19
1952,7/26/2017,9,21,53,36,52,38
1953,7/29/2017,45,29,42,9,43,26
1954,8/2/2017,40,9,49,25,35,33
1955,8/5/2017,15,41,45,33,36,27
1956,8/8/2017,20,40,28,5,8,45
1957,8/10/2017,23,47,29,2,14,22
1958,8/12/2017,55,34,22,20,24,15
1959,8/16/2017,56,43,21,8,27,35
1960,8/19/2017,43,39,18,25,37,1
1961,8/23/2017,50,30,25,17,32,26
1962,8/26/2017,39,5,6,53,15,25
1963,8/30/2017,34,60,5,4,7,42
1964,9/2/2017,32,27,48,36,2,50
1965,9/6/2017,28,26,55,38,48,35
1966,9/9/2017,19,10,32,60,13,40
1967,9/13/2017,32,39,13,54,30,46
1968,9/16/2017,35,48,44,39,36,52
1969,9/19/2017,30,59,20,32,8,48
1970,9/21/2017,10,18,24,5,39,52
1971,9/23/2017,54,10,52,41,44,4
1972,9/27/2017,20,9,59,54,16,57
1973,9/30/2017,17,16,60,12,52,1
1974,10/4/2017,19,57,38,54,4,27
1975,10/7/2017,8,24,47,26,11,57
1976,10/11/2017,52,14,19,12,59,25
1977,10/14/2017,28,3,32,34,37,16
1978,10/17/2017,6,2,57,22,55,44
1979,10/19/2017,38,23,45,32,29,22
1980,10/21/2017,18,16,12,34,37,17
1981,10/25/2017,15,6,39,19,37,53
1982,10/28/2017,46,24,20,4,50,14
1983,11/1/2017,14,22,6,5,10,36
1984,11/4/2017,43,32,21,50,35,29
1985,11/7/2017,9,36,29,28,34,55
1986,11/9/2017,55,23,44,43,36,56
